year,month,hour,average_rtt,average_rtt_n,download_throughput,download_throughput_n,minimum_rtt,minimum_rtt_n,packet_retransmit_rate,packet_retransmit_rate_n,upload_throughput,upload_throughput_n
2012,1,0,61.301310043668124,89,11.666692286716561,89,27.0,89,0.0016781205050343615,89,3.1305807241793477,182
2012,1,1,51.910985126698492,44,12.62798425038838,44,30.0,44,0.0015124166166713259,44,3.2059897061098646,105
2012,1,2,54.220009263547936,35,10.958351021778769,35,27.0,35,0.0012296341838303104,35,3.0743137180537063,84
2012,1,3,63.105987311657415,30,6.3391806389318539,30,24.5,30,0.0021194285051223251,30,3.0872203628710793,75
2012,1,4,82.060083260145774,24,5.5913897505265737,24,30.5,24,0.0018599732789515836,24,3.168345575790724,51
2012,1,5,60.702655383717534,29,10.071425200407219,29,36.0,29,0.0025916327286190301,29,2.9991387087673438,58
2012,1,6,78.366447503595637,17,9.086291783807189,17,34.0,17,0.001632386549134835,17,3.2468619784289903,53
2012,1,7,65.492758474211726,20,12.734572868382422,20,38.5,20,0.001550832317213203,20,3.2289130061011742,62
2012,1,8,64.120870747178515,26,13.576448553708477,26,34.0,26,0.0014513192605962841,26,3.1117984288672744,100
2012,1,9,67.841563786008237,45,10.510607515000677,45,30.0,45,0.0041928721174004195,45,3.1708184050808117,113
2012,1,10,75.960493827160491,59,11.082750574311682,59,36.0,59,0.0018324607329842932,59,3.1545694195265046,153
2012,1,11,68.124024298499137,70,11.863634565065475,70,34.5,70,0.0025261619713995123,70,3.2021831379645675,184
2012,1,12,69.984664105608488,100,9.3229981729620022,100,36.0,100,0.002149813159389018,100,3.2051308979365558,194
2012,1,13,66.016523689961417,80,9.6679935372801129,80,32.5,80,0.0023928649118990647,79,3.0767499704631787,186
2012,1,14,71.339727891156457,77,11.30789048324052,77,36.0,77,0.0027214851533265295,77,3.1641671641225497,185
2012,1,15,60.968324035896188,84,7.9815862922071243,84,34.0,84,0.0027790016544623091,84,3.0886707641308124,178
2012,1,16,71.301573086531121,100,9.471959945986379,100,35.0,100,0.0028136400779075919,100,3.2800948550033242,233
2012,1,17,67.920000000000002,89,9.3286549195621973,89,28.0,89,0.0026968716289104641,89,3.1064328124262071,235
2012,1,18,81.412314175612025,114,8.8131925492179235,114,33.5,114,0.0030396246842295201,114,3.1666029731184926,263
2012,1,19,67.027668347515487,90,11.25213239856345,90,28.5,90,0.0030293297646927621,90,3.2108186795167679,233
2012,1,20,64.821850393700785,117,11.845727350592272,117,28.0,117,0.0028177225029148855,117,3.1431632981628299,268
2012,1,21,73.133670418130464,138,10.54484384490012,138,32.5,138,0.001920114526968717,138,3.1707411812778306,292
2012,1,22,69.619622769462012,126,8.7835500800271067,126,35.0,126,0.0027676825735618808,126,3.2103239719958188,235
2012,1,23,54.820758660589846,112,9.5953516248921993,112,26.0,112,0.0025152634937198608,112,3.2483334702507518,229
2012,2,0,60.570800627943484,65,13.309804177300757,65,28.0,65,0.0011878144857546606,64,3.2659313093680278,150
2012,2,1,70.904008328995317,47,11.235089361819801,47,26.0,47,0.0026588491955276791,47,2.958267899221088,108
2012,2,2,60.30406976744186,24,9.32828774377424,24,29.0,24,0.0033600418184135932,24,3.2021792174239669,85
2012,2,3,52.373315363881403,15,8.9136636710813306,15,25.0,15,0.0013404825737265416,15,3.0634002594071816,55
2012,2,4,55.172687997559635,22,16.179644891929232,22,26.0,22,0.00096625875428707508,18,3.2403658860405993,57
2012,2,5,69.151340996168585,11,4.5694509282014684,11,25.0,11,0.0013902476700478864,11,3.1217496011787613,41
2012,2,6,73.541487230749254,28,8.859767624914209,28,32.5,28,0.0026301584676262152,26,3.2048062802926416,65
2012,2,7,73.966582560505145,28,13.386101868961276,28,29.5,28,0.0022751959786224858,26,3.2034231393071098,68
2012,2,8,81.736380775851046,34,14.518089663015308,34,47.5,34,0.0018908068107366908,34,3.1453390598459707,86
2012,2,9,64.850036494773093,64,12.131544575225735,64,37.0,64,0.0019957015658581515,61,3.1812129994631619,135
2012,2,10,59.14486949259512,42,11.871993173656794,42,30.0,42,0.0013409851938969335,42,3.2066772186750403,122
2012,2,11,66.409302325581393,57,12.269804482779547,57,36.0,57,0.0021680216802168022,57,3.212543347967896,152
2012,2,12,64.93990610328639,69,12.595630121526586,69,34.0,69,0.0011791294094526874,67,3.241263002220661,164
2012,2,13,55.547703180212011,71,11.245333154174372,71,29.0,71,0.0018736401276672496,70,3.2373854543390572,170
2012,2,14,61.287783702488383,66,9.4277003859580262,66,28.0,66,0.002145005941899196,66,3.2510763375866136,166
2012,2,15,67.201525925766163,74,8.7423211869741806,74,34.0,74,0.0018659303321290051,74,3.2042541185328055,162
2012,2,16,65.967690428409384,94,9.2738829014076671,94,35.5,94,0.0019868457111537406,93,3.2075782193125377,198
2012,2,17,64.259426847662141,103,8.7953641441070829,103,29.0,103,0.0034443168771526979,103,3.1911075593290068,222
2012,2,18,69.077365623045509,118,9.6026506546630195,118,31.0,118,0.0031085937714741213,118,3.1603373193290514,243
2012,2,19,70.451703219785344,117,10.946501348274131,117,33.0,117,0.0019877455996800304,112,3.1783069013971117,251
2012,2,20,68.090510220654778,128,8.9047302420263783,128,31.0,128,0.0026231496476028923,128,3.1984892389771646,279
2012,2,21,63.233684637211191,113,11.435851199810818,113,27.0,113,0.0016953356415835203,110,3.2353195523589608,236
2012,2,22,70.301348547717836,117,9.623258153460057,117,35.0,117,0.002934972662791753,116,3.1012734058587501,241
2012,2,23,66.783210686290204,82,9.9523046926256171,82,31.0,82,0.0021738053961853059,80,3.2418030352880285,201
2012,3,0,77.242597299867242,66,10.453779781238524,66,26.0,66,0.0024999386674307393,58,2.7704755587117713,180
2012,3,1,86.133704110135682,46,12.99071996451846,46,31.0,46,0.0012776491694331739,34,2.8426539545008054,136
2012,3,2,88.63273485786425,28,7.000307135819626,28,34.0,28,0.0022492722942577402,25,2.8171546366882798,81
2012,3,3,64.376896333754743,18,7.4327604325981182,18,28.5,18,0.0015963511972633979,17,2.5980137292894367,62
2012,3,4,101.02958579881657,21,8.2332830481948474,21,38.0,21,0.0029622315477659837,15,2.6773107029252325,51
2012,3,5,66.057218045112791,8,8.6983091871798983,8,26.0,8,0.0007165052321265158,6,1.9941800408095485,29
2012,3,6,81.646147538226046,14,9.5493609819931411,14,27.0,14,0.0016124506229797859,12,1.8335091822839797,50
2012,3,7,102.13925561785996,20,10.644715276634233,20,43.0,20,0.0023068810967571841,15,2.9194898140380405,69
2012,3,8,72.887166769993797,41,8.5159897061633174,41,37.0,41,0.0041709968671072139,36,2.8594284737164632,96
2012,3,9,78.849024336006693,42,8.702030552881574,42,29.0,42,0.0018682858477347033,37,2.9999157766477413,104
2012,3,10,87.18655714189444,58,8.1751729406111764,58,39.0,58,0.0017991004497751124,53,3.1745000824828393,124
2012,3,11,70.958192090395485,67,9.8236571871547156,67,32.0,67,0.0016039365889715074,60,2.9308930064350251,162
2012,3,12,74.739088507010734,60,12.5744994018191,60,29.5,60,0.0015989091774604716,54,3.0023730647928852,152
2012,3,13,91.130102040816325,67,8.638206165730395,67,39.0,67,0.0037464338881924718,60,3.0517441279315043,164
2012,3,14,77.522854851643942,73,10.335850838617679,73,36.0,73,0.0017978149633522335,67,3.012178717956028,187
2012,3,15,77.016666666666666,65,7.6479129435998177,65,38.0,65,0.0032436557908796029,57,2.906290026404057,188
2012,3,16,80.368472425573444,95,8.5360771006028493,95,37.0,95,0.0027447392497712718,91,2.9248336118109854,238
2012,3,17,62.681149201880189,90,8.8042839453152659,90,28.5,90,0.0013796461613374451,89,3.1475844024915296,233
2012,3,18,71.368627450980398,117,9.4276650798167356,117,30.0,117,0.0017456359102244389,113,3.0113215654893741,249
2012,3,19,76.95368890003698,108,8.0929491332302508,108,32.0,108,0.002622722802346631,94,2.9565657262281935,265
2012,3,20,72.028827037773354,117,10.179581655663378,117,34.0,117,0.0019041731082954207,108,2.9735118313285946,304
2012,3,21,76.141124984135729,130,9.2973131941462341,130,35.0,130,0.0037145650048875855,121,2.9987536585155796,302
2012,3,22,73.022650056625139,101,11.163378885285269,101,27.0,101,0.002482555018786903,91,2.9700340232081937,255
2012,3,23,78.037735849056602,75,10.606044499336814,75,29.0,75,0.001488316713796696,65,2.9563339041688264,191
2012,4,0,60.927385144745259,62,9.0148334149131237,62,28.0,62,0.002534250159317907,62,3.2820224682217276,131
2012,4,1,58.769556380629261,40,8.6568328083348796,40,28.5,40,0.0020287928776485781,40,3.3335338340335281,95
2012,4,2,69.921097770154375,25,5.712989750029041,25,31.0,25,0.0025643765359546961,25,3.2403095144281053,65
2012,4,3,68.583696011697242,24,6.5932889605820311,24,29.0,24,0.0027798164382611054,24,3.2432634378346163,62
2012,4,4,75.373735107920851,20,7.5443275074416754,20,39.5,20,0.003134577437818514,20,2.9249208286972648,36
2012,4,5,56.500405904462212,20,10.439365702218488,20,29.0,20,0.0031721560745704108,20,3.0402399807277498,43
2012,4,6,77.498644986449861,17,9.0262518250681669,17,40.0,17,0.0022352397101896098,17,3.2095636775909266,52
2012,4,7,61.269192633768789,32,11.148566107658832,32,31.0,32,0.0017098244860172403,32,3.3246745225653562,70
2012,4,8,70.318757192174914,41,17.513150937529414,41,35.0,41,0.0011251758087201125,41,3.2020631750605908,90
2012,4,9,75.633164983164988,49,11.197437248652252,49,41.0,49,0.0021427180053243296,49,3.1684783968209613,99
2012,4,10,55.957867656451818,66,10.855474979687891,66,26.0,66,0.0018266140741121533,66,3.2448472724990847,128
2012,4,11,58.691542288557216,73,12.872182308206568,73,34.0,73,0.0013664935774801859,73,3.2481195554530653,171
2012,4,12,65.514326095335988,63,11.727160107057152,63,30.0,63,0.0011204812171964381,63,3.2345871935645345,126
2012,4,13,71.624200283408058,70,11.997608486646161,70,38.0,70,0.0013700636124902611,70,3.2442890661604715,138
2012,4,14,59.580100040556985,61,15.442715167985448,61,30.0,61,0.0011836734693877551,61,3.2889850377844199,151
2012,4,15,59.023211284104448,84,13.008988670320461,84,26.0,84,0.0014919928234665273,84,3.2902486405370488,173
2012,4,16,66.320072332730561,97,11.041726111025255,97,34.0,97,0.0018378796672470497,97,3.2401952176790503,198
2012,4,17,67.171006833670859,92,9.9365441533378096,92,32.5,92,0.0010969747998545573,90,3.2048853767263026,173
2012,4,18,70.489364057559044,96,9.9392112563702355,96,29.5,96,0.002012532362520129,96,3.2132213940600929,199
2012,4,19,58.810495830921582,124,11.731584953150268,124,34.0,124,0.00098774093681363011,124,3.2455083907822679,243
2012,4,20,65.430696014277217,159,12.07199581068596,159,29.0,159,0.0009455370650529501,159,3.2475979301856341,291
2012,4,21,72.785093170293237,128,13.88334173415377,128,28.0,128,0.00076632584626193834,128,3.1222271777782504,224
2012,4,22,61.019872894179358,97,12.433065421988495,97,28.0,97,0.0013317625364954156,97,3.248494487589952,196
2012,4,23,66.51741908884766,101,13.729775581563404,101,26.0,101,0.0010546181172291296,101,3.2483322778003361,206
2012,5,0,65.793163779353904,78,9.1351059416244382,78,30.5,78,0.0027980119553555035,78,3.2822116465196274,153
2012,5,1,72.030870251578051,44,12.978027470468128,44,26.5,44,0.0014615679611661744,44,3.2355364250459533,125
2012,5,2,59.565579340808696,42,6.534363885719138,42,25.5,42,0.0026822308137183126,42,3.2095177381192732,92
2012,5,3,63.735411670663467,29,17.786904182939352,29,32.0,29,0.0024507579195788328,29,3.0669120876061284,66
2012,5,4,68.239428779661523,22,13.700176946406476,22,28.0,22,0.0015781176392709447,22,3.2468215401616778,52
2012,5,5,74.272586725546915,16,14.484836497078783,16,37.0,16,0.0018957279443328576,16,3.2503492498983571,48
2012,5,6,80.355072905862968,19,7.28098558096214,19,52.0,19,0.0043866774979691306,19,2.9270216630670025,49
2012,5,7,104.02204531537048,27,10.780512675519667,27,30.0,27,0.003377744417339088,27,3.089965440299403,73
2012,5,8,63.069767441860463,49,14.479517122137821,49,27.0,49,0.0009785743716522455,47,3.3289558135909152,111
2012,5,9,52.399358728217479,46,15.767475325172704,46,29.5,46,0.00099613446597563815,46,3.2306860004205822,106
2012,5,10,61.506167077015391,60,11.366588365110186,60,29.0,60,0.0013790935325540855,60,3.0214962670079748,116
2012,5,11,74.455613554079235,72,10.529187467031623,72,35.5,72,0.0019126365304497908,72,3.2809284182360257,133
2012,5,12,64.100558659217882,77,10.778530261230545,77,36.0,77,0.0011806375442739079,77,3.24342313129717,145
2012,5,13,68.879420882062846,86,14.455515683927375,86,35.5,86,0.0012701274884344329,86,3.2897221892335624,167
2012,5,14,66.700444883835885,107,11.878039413684666,107,34.0,107,0.001578563901037295,106,3.2647953367676719,180
2012,5,15,61.135339892887423,106,14.366248570312987,106,28.0,106,0.0011385188519511145,106,3.2860306906328716,195
2012,5,16,58.641572100747304,79,12.542477860654268,79,30.0,79,0.0014761703922395613,79,3.3231391686491638,181
2012,5,17,62.799418076013822,105,12.730729805713004,105,31.0,105,0.0010418210880453888,104,3.3706990807416171,194
2012,5,18,63.640864086408641,151,13.415313303974166,151,29.0,151,0.00054141851651326478,151,3.2897179125552896,250
2012,5,19,62.257291666666667,161,13.983951655442278,161,28.0,161,0.00080988054261996352,161,3.1688560765793747,245
2012,5,20,63.85911371237458,153,13.640744878705744,153,30.0,153,0.00063556628956400153,153,3.1919046147705541,255
2012,5,21,65.865519555090756,134,11.701263270180462,134,27.0,134,0.0012473044666579142,134,3.2457264269732482,225
2012,5,22,59.240687679083095,147,12.03359604183559,147,28.0,147,0.00076736155518608519,145,3.2119919286636502,256
2012,5,23,67.002667594525633,95,12.103780364560782,95,28.0,95,0.0019148936170212765,95,3.240834489166331,193
2012,6,0,57.968175707467907,96,12.191727573546265,96,28.5,96,0.00047210099875806631,96,3.285641932905877,165
2012,6,1,55.43318233295583,75,15.629098774930121,75,26.0,75,0.0014726456078344747,75,3.2530043734098761,129
2012,6,2,55.838461538461537,39,9.5997674602756149,39,27.0,39,0.0019719004190288389,39,3.2484538322548291,82
2012,6,3,61.866776825235057,22,6.1980203368507159,22,34.5,22,0.0033706719342095253,22,3.1151534339537621,61
2012,6,4,47.103896103896105,25,13.764004249961348,25,34.0,25,0.0018396443354284839,25,3.2920059561704145,75
2012,6,5,53.194345405376524,26,9.5245838615982628,26,26.0,26,0.0016111535541297618,26,3.2088880955350696,50
2012,6,6,63.841269841269842,13,11.687221649144094,13,46.0,13,0.0052378873854212133,13,3.2291407147018134,46
2012,6,7,66.519247648902819,32,10.995543963229377,32,39.5,32,0.0025286878305026163,32,3.384620882427479,70
2012,6,8,76.496704964507984,30,11.54763653431511,30,36.5,30,0.0015024900789037735,30,3.226639512328723,84
2012,6,9,58.774125132555675,61,15.726835914848875,61,34.0,61,0.0015333895576171127,61,3.2525810705333686,115
2012,6,10,60.389425707840779,84,12.610043817159625,84,36.5,84,0.0021054703358792688,84,3.2537279058012936,139
2012,6,11,63.469369059887782,93,13.250966878484187,93,31.0,93,0.00058231868713605082,93,3.2266484822073838,136
2012,6,12,58.461188436830838,109,12.888001800330326,109,31.0,109,0.00046396535725332506,109,3.2504876038181663,173
2012,6,13,63.856655465748531,96,11.356431284519799,96,30.5,96,0.00089435046405663418,96,3.2680463138262126,144
2012,6,14,62.22807399064412,96,14.700358386535385,96,28.0,96,0.00065559600203714567,96,3.2293881849565005,144
2012,6,15,64.416534181240067,133,10.642254091448603,133,31.0,133,0.00096828854998789635,133,3.249054677525379,191
2012,6,16,61.143055555555556,143,12.070221874511654,143,29.0,143,0.00046970408642555192,143,3.2474668050463626,187
2012,6,17,60.038656247680777,152,10.0724089022676,152,31.0,152,0.00070698350788251014,152,3.1927214350266242,201
2012,6,18,57.494163424124515,161,9.2811475547685358,161,31.0,161,0.00081858825011019458,161,3.1696908713802761,194
2012,6,19,56.51141756866074,210,8.7753616810536457,210,30.0,210,0.0010806938864492822,210,3.2689278367205885,256
2012,6,20,60.258236268531448,216,8.4362687294238672,216,30.0,216,0.00094324767805809429,216,3.2059910944335503,244
2012,6,21,56.160153513465353,196,8.2889141634017278,196,31.0,196,0.00084758367575025117,196,3.2124279630393828,235
2012,6,22,58.884815353380162,180,9.2531048935133349,180,30.5,180,0.00069223817176231007,180,3.2072884932521051,220
2012,6,23,62.780562659846545,127,11.119065305876434,127,35.0,127,0.00097307817061303926,127,3.2074853894504605,168
2012,7,0,48.752715860626054,95,12.772419755772082,95,26.0,95,0.00060833417824191426,95,3.2509664619160077,148
2012,7,1,62.836925648315884,80,13.314402130590199,80,26.5,80,0.0021347950873065067,80,3.2480018025364461,151
2012,7,2,57.535455183711676,33,9.9211685752897925,33,28.0,33,0.0023778071334214002,33,3.1912646490826715,94
2012,7,3,60.227698673481804,35,11.614958969647716,35,29.0,35,0.0015321756894790602,35,3.2457854679785449,67
2012,7,4,75.985322896281801,23,7.9001572756910576,23,28.0,23,0.0017886626307099616,23,3.2115392640411389,47
2012,7,5,93.100992659736932,16,16.71082733169775,16,42.5,16,0.002350925895372875,16,3.2680277641766078,55
2012,7,6,92.548837716904941,23,13.796607421038908,23,59.0,23,0.0038797284190106693,23,1.8618900965163898,48
2012,7,7,91.097145863561565,34,6.1778662281602852,34,53.5,34,0.0021097825053882427,34,2.8294866756305632,88
2012,7,8,60.171823188785453,50,10.764784923501196,50,37.0,50,0.002579798983780226,50,2.9409030586823572,110
2012,7,9,69.84792626728111,61,12.032560172263176,61,32.0,61,0.0014056460114794424,61,2.9135868412329264,122
2012,7,10,71.965337954939343,85,12.573657679190807,85,32.0,85,0.00052171644711099512,85,3.2093800014692775,142
2012,7,11,73.251781472684087,115,12.908863735120287,115,33.0,115,0.00084126399915873597,115,2.9697947757699876,179
2012,7,12,67.37835523591184,106,12.806060618198586,106,36.5,106,0.00059684872422917281,106,3.2485939920146585,182
2012,7,13,66.158718861209962,121,12.446868376365011,121,29.0,121,0.00098916415628793664,121,3.2879333645575395,168
2012,7,14,64.546611022312987,102,11.009356264103097,102,32.5,102,0.00061469800913102612,102,3.2493833281685776,157
2012,7,15,65.488811933937129,127,11.122030983582405,127,35.0,127,0.00064871878040869281,127,3.1133559926722665,165
2012,7,16,55.815368196371395,147,10.213105062721187,147,28.0,147,0.0006711409395973154,147,3.2415604784780387,193
2012,7,17,61.566976022753153,178,10.153527263695599,178,29.0,178,0.00065575979810364384,178,3.248249491047515,239
2012,7,18,61.421357435392842,168,10.930802249155548,168,29.0,168,0.00082158129773654011,168,3.2085322173129791,236
2012,7,19,61.775274716187248,176,9.2778301310754934,176,33.5,176,0.00079530959551059278,176,3.2480549990734655,230
2012,7,20,60.439628062122097,234,9.147838734235247,234,28.0,234,0.00091449833194537865,234,3.1709927409021574,284
2012,7,21,60.987439233469161,170,7.6837765011876673,170,31.5,170,0.0010668533455547979,170,3.1376403699111268,227
2012,7,22,58.597975415762832,187,9.6441230142976178,187,29.0,187,0.00098814229249011851,187,3.2488272464544665,241
2012,7,23,62.848500858539161,141,10.227009159686233,141,28.0,141,0.0006329113924050633,141,3.2090844533630749,198
2012,8,0,58.670440082068083,212,13.041452759433152,212,26.5,212,0.0019897922230157263,212,3.1976685326333767,369
2012,8,1,60.221470019342362,129,11.20213302217824,129,26.0,129,0.001567398119122257,129,3.2004471083724124,266
2012,8,2,58.678723404255322,97,11.533675297644351,97,25.0,97,0.0026264967168791037,97,3.2079474806969115,218
2012,8,3,71.351383613673363,53,14.542939366072268,53,25.0,53,0.0012877378738016883,53,3.17517133145512,154
2012,8,4,58.397799129506446,59,5.1829112469313037,59,26.0,59,0.0026534796767579303,59,3.2501375865900086,155
2012,8,5,63.199020158973056,78,6.0067543563552146,78,26.0,78,0.0024110427707178055,78,3.1015114970222442,150
2012,8,6,79.747382665052342,53,10.849873394357429,53,38.0,53,0.0029525898430909398,53,2.998451697673139,113
2012,8,7,82.113711181957726,80,16.224716985281265,80,48.5,80,0.0035579436537902993,79,3.0085720155273337,189
2012,8,8,72.461509678385511,116,10.752378644296702,116,30.0,116,0.0028877734549515146,116,3.2071328070417842,239
2012,8,9,70.223514376996803,133,10.600097408027963,133,28.0,133,0.0022362268753811751,133,3.1331762098123876,282
2012,8,10,73.933420745920756,168,14.806797507750213,168,28.0,168,0.002418973002574736,168,3.2093148777690863,343
2012,8,11,70.164726947179943,189,14.247821156430845,189,32.0,189,0.0013269639065817409,189,3.2058127858481189,363
2012,8,12,76.950176231321819,216,12.817198111655131,216,29.0,216,0.0014825433717767793,216,3.0539486457539908,389
2012,8,13,65.813365838491279,242,12.431676279246108,242,28.0,242,0.001375360692554718,242,3.2100814661768879,423
2012,8,14,63.155983821487943,244,12.823119520662761,244,27.0,244,0.001313786342049291,244,3.2091393218475162,416
2012,8,15,66.444444444444443,261,12.641454264103995,261,27.0,261,0.0013479883865615927,261,3.2137748620414341,417
2012,8,16,68.894742984674281,286,12.502768527432915,286,28.0,286,0.0011440533734190942,286,3.213708332696132,462
2012,8,17,62.82932692307692,303,13.253710808539438,303,28.0,303,0.00048477797168896647,303,3.2028345398454441,451
2012,8,18,62.040791100123606,295,12.702157016633333,295,28.0,295,0.00056420141990690673,295,3.2073055262632186,476
2012,8,19,64.047478849585573,356,11.737454501301357,356,28.0,356,0.00065180550123843041,355,3.249369280903343,518
2012,8,20,60.877555863200143,410,11.725745582622942,410,27.0,410,0.00050332171112851918,410,3.2052187215477135,568
2012,8,21,62.702093700074222,376,11.765360231897606,376,27.5,376,0.00048634189835454326,375,3.2132792432226287,573
2012,8,22,60.590883511536298,343,11.62216274672096,343,27.0,343,0.00079365079365079365,343,3.2083218786032681,545
2012,8,23,56.22926267281106,265,12.491871804795663,265,26.0,265,0.0013449899125756557,265,3.2116686150540552,436
2012,9,0,60.73879684133022,216,12.797105245414404,216,26.0,216,0.00093511308773420987,216,3.2101161076221723,357
2012,9,1,55.821522309711284,141,11.116048750913537,141,27.0,141,0.0011950286806883365,141,3.2097284608891101,261
2012,9,2,62.110641891891895,87,12.098407241078522,87,27.0,87,0.0019646365422396855,87,3.2052929199187257,185
2012,9,3,68.600570613409417,59,12.87083810161265,59,28.0,59,0.0018301982714794102,59,3.2079214160577489,151
2012,9,4,62.221973094170401,59,12.597166784559418,59,26.0,59,0.003129632679953879,59,3.2130953466102055,132
2012,9,5,73.134240759240754,54,13.14294135957466,54,27.0,54,0.0019991709010511618,54,3.1725816952912322,111
2012,9,6,70.003169870442179,70,11.939926641975447,70,28.0,70,0.0030355987434155626,70,3.1648763028668516,143
2012,9,7,74.275975345077455,80,12.828329008253423,80,36.5,80,0.0018382018323134007,80,3.20109937192837,166
2012,9,8,66.791095890410958,123,14.864560431154249,123,31.0,123,0.0017524826838020528,123,3.2101237239267149,255
2012,9,9,58.032938194859099,150,10.519151560250156,150,28.0,150,0.0019871901315164659,150,3.2031075069471999,297
2012,9,10,64.405502579274952,184,13.922719608731478,184,37.0,184,0.0012845198849718122,184,3.2159100101170379,329
2012,9,11,60.915413842454512,214,13.7474359409327,214,27.0,214,0.00084564492861761921,213,3.2033230272828646,355
2012,9,12,61.496049165935034,259,13.107456397533097,259,26.0,259,0.0005141114139537139,258,3.1982573350115917,408
2012,9,13,62.110972568578553,261,11.818653777353781,261,30.0,261,0.00075983400549418435,261,3.2428764432475043,396
2012,9,14,62.127743983073259,313,11.787196143331204,313,28.0,313,0.00069108500345542499,313,3.2463201115855806,424
2012,9,15,58.441620743116445,304,10.774736004594743,304,27.0,304,0.00069691295101181319,304,3.2065761308502028,460
2012,9,16,60.940049387232484,332,11.57740029140453,332,28.0,332,0.00056816756751749075,332,3.2410024279665355,467
2012,9,17,54.982905982905983,407,10.92189871184048,407,26.0,407,0.0007513148009015778,407,3.212949653955012,519
2012,9,18,59.833253524630976,408,10.342018147203067,408,28.0,408,0.00081997113903470482,408,3.208160896347505,529
2012,9,19,58.619496855345915,459,10.705904113745326,459,28.0,459,0.00053966540744738263,459,3.244755921062767,572
2012,9,20,56.659735349716449,491,9.6833779992145015,491,28.0,491,0.00073612554394922813,490,3.2127766405018736,619
2012,9,21,58.991667136971614,462,10.166388555773786,462,27.0,462,0.00074923480014867138,462,3.2092668077388691,594
2012,9,22,62.116604263773212,435,10.236934476085592,435,27.0,435,0.00063379389022689817,435,3.2090916755890904,593
2012,9,23,60.231778425655975,285,12.537421474288889,286,27.0,285,0.0006433631154945101,286,3.2466576893137646,423
2012,10,0,73.81133250311332,167,10.607170378487558,167,28.0,167,0.0024546827794561933,167,3.2060681358876533,374
2012,10,1,72.031244881028499,136,11.965215175935882,136,27.0,136,0.0024077145656636774,136,3.2150223410227659,329
2012,10,2,66.289825406381695,91,13.277091191460222,91,28.0,91,0.0028602073650339649,91,3.2060468050436008,209
2012,10,3,63.519161243673175,89,9.9308960875485699,89,28.0,89,0.0028932704672096012,89,3.2253834887682018,222
2012,10,4,72.048473967684018,67,7.7951765392932115,67,28.0,67,0.002546148949713558,67,3.0927417031838935,157
2012,10,5,64.85510204081632,73,10.343774353607557,73,26.0,73,0.0019026909486273443,73,2.9241245433469696,175
2012,10,6,77.947517551587211,56,11.939768772940548,56,37.0,56,0.0036680193926384489,56,2.8075032683938472,163
2012,10,7,84.758152173913047,101,13.847521972713205,101,41.0,101,0.0019266625233064015,101,3.2501060451427897,242
2012,10,8,73.600128164049977,113,13.311029546797151,113,29.0,113,0.0023778098461888159,112,2.8685205456917973,299
2012,10,9,74.128016518260409,126,11.209150174340182,126,40.0,126,0.0022766740250183956,124,3.0505200890599031,345
2012,10,10,71.605633802816897,169,14.627657419280785,169,36.0,169,0.001813941435605079,169,3.2037510086894616,384
2012,10,11,71.143472906403943,179,12.838853111414732,179,36.0,179,0.0022788776527560175,179,3.2128185398406668,418
2012,10,12,76.335883959313676,198,14.931923569933286,198,29.0,198,0.0021146217483959092,198,3.2104207900820283,468
2012,10,13,71.60041034752544,200,9.7742002332608351,200,31.0,200,0.0024103218488586418,199,3.0908802515781697,474
2012,10,14,65.355616079874963,200,13.11378005030851,201,28.0,200,0.0015490625500774531,201,3.2071987753273108,459
2012,10,15,62.637281910009186,201,13.826933637607077,201,28.0,201,0.0017303176368804844,201,3.2524769434504419,493
2012,10,16,63.443273545926687,242,10.667967919136162,242,29.0,242,0.0024554950935319034,242,3.2462509496603245,518
2012,10,17,69.302583025830259,269,12.376738149657433,269,30.0,269,0.0020718332316850526,268,3.2514825950513346,576
2012,10,18,63.862796350923198,304,12.924040905409729,304,27.0,304,0.0013248760398477416,304,3.2479482706612717,606
2012,10,19,70.061933651257647,308,10.961530692237602,308,36.0,308,0.0013687701209363905,308,3.2050896014529044,654
2012,10,20,68.01942348138067,345,10.600640664350381,345,29.0,345,0.0017536168347216134,345,3.210564302658796,707
2012,10,21,65.533770047436192,351,11.853462860119489,351,31.0,351,0.0010405053883314752,351,3.2140016715582003,785
2012,10,22,62.881850037162572,318,12.15161270667128,318,29.0,318,0.0015009389316384268,318,3.2079382304968656,672
2012,10,23,64.039991637922014,264,10.955459757140718,264,27.0,264,0.0023894321791965204,264,3.2126513834999644,577
2012,11,0,63.923616523772409,237,11.489277429548089,237,28.0,237,0.0017633574325515782,237,3.1456916205072991,402
2012,11,1,60.769270563890323,155,12.990973297016787,155,27.0,155,0.0017123287671232876,155,3.2186323066181988,313
2012,11,2,60.365673565145343,98,10.779162028344183,98,27.0,98,0.0021696281509778785,98,3.2111482374874907,204
2012,11,3,64.931944264672723,64,12.053293415588588,64,27.5,64,0.0018936319868842993,64,3.2500127230659581,167
2012,11,4,62.962620696268019,68,12.875033588533634,68,28.0,68,0.0016600568008052399,68,3.2501403227507453,151
2012,11,5,66.639747292145131,56,8.6327242144905334,56,30.5,56,0.0034331250881776379,56,3.0308074273475292,134
2012,11,6,70.364186977525208,68,11.044488993650292,68,30.5,68,0.0028720288529789804,68,2.8709927093591232,161
2012,11,7,71.805116018397626,102,15.04544226653986,102,42.0,102,0.0017669615649438155,102,2.8889977978639862,238
2012,11,8,68.638740920096851,165,11.874412924270732,165,43.0,165,0.0013358245927097613,164,3.2456453301076271,332
2012,11,9,69.0765326612254,180,13.025312927744059,180,38.0,180,0.0012002501461521842,180,3.1807300357033572,362
2012,11,10,65.204088566997541,246,12.096321086957595,246,35.5,246,0.0010306804842342854,246,3.2143105385955617,413
2012,11,11,63.283422459893046,259,12.250898376289214,259,32.0,259,0.00092992724686833327,259,3.2115360672851501,437
2012,11,12,66.173770491803282,259,10.35684517815192,259,33.0,259,0.0009474824038982133,259,3.2109978340468239,449
2012,11,13,58.499110043731342,258,10.87452923373394,258,30.5,258,0.00093935500414905676,258,3.2142787624528948,417
2012,11,14,60.737761302014917,292,9.7357748463817977,292,33.0,292,0.0012847698090151967,292,3.1757620256666348,477
2012,11,15,62.735862674063171,298,8.9347495698721104,298,29.0,298,0.0012587613714585728,298,3.2537352612746648,468
2012,11,16,62.142521462206233,380,7.8111516210069496,380,34.0,380,0.0014824168062018712,380,3.1650760699513585,577
2012,11,17,63.072642062097245,419,6.6220896671921921,419,36.0,419,0.0016304347826086956,419,3.2139866858224764,650
2012,11,18,63.139307922616304,462,5.1154273478961407,462,38.0,462,0.0026336665520187283,462,3.212108560661413,682
2012,11,19,61.607110300820416,491,3.9207342400105505,491,36.0,491,0.0034119106699751862,491,3.0883718327490786,721
2012,11,20,64.135371179039296,515,3.8272235917752506,515,38.0,515,0.0033764772087788407,515,3.1019692760186222,719
2012,11,21,60.682425916309541,488,3.819903236798023,488,36.5,488,0.003702318410232983,488,3.2108400308141904,704
2012,11,22,61.18666230794377,439,5.9544778861189283,439,35.0,439,0.0021105951878429719,439,3.1723717463827592,643
2012,11,23,60.093920284431135,342,8.8187800000578953,342,30.0,342,0.0017922585885762092,342,3.1295262503097852,530
2012,12,0,67.427933753832804,212,11.174982696010378,212,30.0,212,0.0014020723115361713,212,3.213094315747318,384
2012,12,1,73.635545556805397,179,11.245060133825239,179,30.0,179,0.0028922631959508315,179,3.2470208601530151,373
2012,12,2,70.89891918447556,106,11.397745851457717,106,30.0,106,0.0026396856502989663,106,3.0918619820885702,223
2012,12,3,70.744366296947533,70,14.403827845617311,70,29.5,70,0.0020309317010318785,70,3.0989618253406039,189
2012,12,4,63.25,69,11.285246913917291,69,29.0,69,0.0017505921120378953,69,3.0933839265805347,159
2012,12,5,80.270054064737906,42,11.142027975554825,42,41.0,42,0.00302945050443491,42,3.2539271019301057,131
2012,12,6,86.471628592483412,49,13.742196495323418,49,42.0,49,0.0024294776623026049,49,2.8674227873962361,156
2012,12,7,86.674048887188391,80,14.799925043401707,80,45.0,80,0.0027087890719203569,80,2.8895862415060547,206
2012,12,8,84.220379146919441,120,11.941790347015043,120,43.5,120,0.0022551280428405535,120,2.9675833713982702,263
2012,12,9,66.785482825664289,155,13.181229216428632,155,30.0,155,0.0019050917907862833,155,3.2077000370936419,346
2012,12,10,69.059967282529172,162,12.681924850711237,162,33.0,162,0.0017956849190825831,162,3.2287665774465926,336
2012,12,11,64.722836095764279,189,11.586380872372539,189,34.0,189,0.0019217081850533809,189,3.1301395356167605,360
2012,12,12,69.090744143509198,208,12.79334174630014,208,33.0,208,0.0014852156560249711,208,3.1179680924631006,410
2012,12,13,70.28841818089856,240,11.451415043461417,240,37.0,240,0.001399942824050921,240,3.1934261760212266,447
2012,12,14,67.76167907921463,233,10.96433304926785,233,30.0,233,0.0018021729056176305,233,3.0048359993683205,424
2012,12,15,67.053803933129856,256,10.216492620134828,256,35.5,256,0.0014995085329399097,256,3.2031955707766322,489
2012,12,16,71.312158667369403,294,8.8851145801269951,294,39.0,294,0.0012928314397886425,294,3.2246642537998795,500
2012,12,17,74.231628975944616,384,7.478523402965001,384,45.5,384,0.0012734472961431261,384,3.1262227223796124,552
2012,12,18,78.698056801195818,463,5.4598695179290768,463,52.0,463,0.0016666666666666668,463,3.0895718944246342,595
2012,12,19,74.956266202489743,500,3.4828535378895937,500,52.0,500,0.002927205445266185,500,2.8992806805702194,611
2012,12,20,84.241711538461544,578,2.3592620654566416,578,57.0,578,0.0045151668492974476,578,2.9278956145012023,665
2012,12,21,80.794571227389724,524,2.5513679741369857,524,57.0,524,0.0041376078271085533,524,3.0128901761355076,610
2012,12,22,79.660917287338293,491,3.4145885974384051,491,56.0,491,0.0028609154929577466,491,3.0132577178444189,585
2012,12,23,76.138419986495606,401,5.8618356953526858,401,50.0,401,0.0017942583732057417,401,3.1687064968702918,535
2013,1,0,69.052083333333329,137,7.6987600772921825,137,30.0,137,0.0024656569214512153,137,3.2532308972900177,304
2013,1,1,63.444687282027438,102,11.546946910265564,102,29.5,102,0.0027405508335883013,102,3.2478778599840252,270
2013,1,2,62.8798411122145,83,12.545775919836071,83,30.0,83,0.0019064378941193723,83,2.9925021849985787,186
2013,1,3,61.317898315482736,54,10.037523031369847,54,27.5,54,0.0034587678983934462,54,3.2157785913671879,151
2013,1,4,72.809322033898312,65,5.401551492114435,65,28.0,65,0.0033288948069241011,65,2.9756614647916604,159
2013,1,5,76.213292547274747,29,11.08618870093164,29,38.0,29,0.0030506406345332522,29,2.9363420369543642,95
2013,1,6,91.139517345399696,47,9.552359354939238,47,44.0,47,0.0039464653397391905,47,3.0520838040870126,123
2013,1,7,82.382865132833359,75,12.86417908176016,75,46.0,75,0.0033044999514044125,75,2.9240604266223871,183
2013,1,8,73.971943430656935,99,13.28081263041852,99,39.0,99,0.0035871964679911701,99,2.8797846840675061,231
2013,1,9,77.723726977248106,119,12.807265047263417,119,31.0,119,0.0040603566529492452,119,3.2055555266833604,281
2013,1,10,79.383302854943622,110,10.996839895461052,111,37.0,110,0.0030620805369127517,111,3.2131207168677456,273
2013,1,11,70.714351955854312,176,14.01035701945084,176,34.5,176,0.0034249629947953972,176,3.1296776066907959,425
2013,1,12,75.452296819787989,153,12.556099423690833,153,29.0,153,0.0031299658111426784,153,3.1306332903635936,355
2013,1,13,80.947135545658526,182,9.9870582565458044,182,39.5,182,0.0036935323689064811,182,3.0452526570482417,390
2013,1,14,76.364752320537335,158,12.201332751772268,158,42.0,158,0.0028774987530360858,158,3.081721759677591,407
2013,1,15,79.630434782608702,199,8.7931831555851154,199,47.0,199,0.0021824530772588391,199,3.2080596209276626,416
2013,1,16,76.350340768286827,210,9.2820364932801596,210,38.5,210,0.0019218106824988798,208,3.1748869013931507,442
2013,1,17,82.278787878787881,283,6.5774566394687684,283,49.0,283,0.002976190476190476,283,3.1272130663157656,560
2013,1,18,85.34375,329,4.5253344728083258,329,53.0,329,0.0025105352819869095,329,3.0103284103483663,516
2013,1,19,85.673545966228886,381,3.3269407416190999,381,54.0,381,0.0031167585710860706,381,3.1296643956308867,587
2013,1,20,86.924346292841051,438,2.8037782343293878,438,55.0,438,0.0040901381649706293,438,2.9921577132785142,623
2013,1,21,90.981432360742701,387,2.5478217026524432,387,57.0,387,0.0042194092827004216,387,3.126999677317237,561
2013,1,22,81.861431870669747,381,3.1827245171276561,381,55.0,381,0.0032808398950131233,381,3.1719434298778353,535
2013,1,23,85.095933642604805,250,5.4021033470589677,250,50.5,250,0.0022117289989214139,250,3.1780126578110619,433
2013,2,0,74.80268199233717,139,11.147311163477992,139,28.0,139,0.0021567522645587322,138,3.2128440716943905,329
2013,2,1,64.1216540029219,88,12.540316464563464,88,26.5,88,0.0015009321697292241,88,3.2434728162768272,223
2013,2,2,62.960288808664259,53,8.2669537616186552,53,30.0,53,0.0041134255207421668,53,3.2064141983245902,157
2013,2,3,56.546960652021376,40,15.993932429805248,40,27.0,40,0.0025292740046838407,39,3.2073015343080304,139
2013,2,4,70.533084437421763,66,10.954831508117318,66,28.0,66,0.0025585065874557554,66,3.2110243344556051,137
2013,2,5,90.15384615384616,29,10.773922684282969,29,31.0,29,0.0042521917161005831,29,3.060698640544429,105
2013,2,6,80.198155355456407,50,14.400096061398472,50,29.5,50,0.0032949361987444719,50,2.786858649703305,164
2013,2,7,86.070898817915094,90,8.6695407312052062,90,38.0,90,0.0042633541001660365,90,3.0109794435504527,221
2013,2,8,78.300541892455186,101,13.739099047798,101,38.0,101,0.0017857142857142857,101,3.1318080767321796,245
2013,2,9,76.597485456933754,121,11.991836924280744,121,38.0,121,0.0029709451634019838,121,3.1221452362058466,325
2013,2,10,64.027480883826399,122,11.985334373148909,122,28.0,122,0.0025668232950785703,122,3.1097454392223627,317
2013,2,11,68.932146011186347,139,13.861049608991946,139,38.0,139,0.0027519779841761265,139,2.991349172672634,329
2013,2,12,74.286780944862642,142,13.081229346539754,142,29.0,142,0.0027072758037225042,141,3.1656043891792986,359
2013,2,13,77.645833333333329,143,13.266292207454397,143,33.0,143,0.0023989444644356484,143,3.1751044161419095,380
2013,2,14,72.973660383472605,156,13.780328321282841,156,31.0,156,0.0024513734105158507,156,3.2845668436294213,376
2013,2,15,63.166961130742052,141,10.816296624519314,141,29.0,141,0.0021034779073507591,140,3.2456728453991124,343
2013,2,16,74.868292774337164,170,10.073162601634273,170,31.5,170,0.0021903890055501741,170,3.2442724141036869,399
2013,2,17,70.89249806651199,171,10.264712442034716,171,28.0,171,0.0029478064851742674,171,3.1673788114181693,441
2013,2,18,71.212817412333735,235,11.878860148503863,235,28.0,235,0.0025021821355833574,235,3.2041139246550001,525
2013,2,19,68.353006456820012,189,11.759893943812321,189,29.0,189,0.0030129557095510697,189,3.2102641234394529,476
2013,2,20,69.875075135243435,207,10.226230266828241,208,27.0,207,0.0020545160210499649,208,3.2043289069092484,496
2013,2,21,72.88050823715912,228,12.546546239464597,228,28.5,228,0.002691013935607881,227,3.0490245749194336,535
2013,2,22,73.424242424242422,225,10.755659464353231,225,28.0,225,0.002448672066302505,225,3.1715310142887825,463
2013,2,23,70.981833910034595,149,10.91162767013774,149,27.0,149,0.0025355871886120996,149,3.2459669626639371,370
2013,3,0,64.888279643591503,169,13.896474733206221,169,25.0,169,0.0019684094291612655,169,3.2972095259160592,373
2013,3,1,65.731306990881464,89,13.874881916891718,89,26.0,89,0.001854140914709518,89,3.2915555518124888,211
2013,3,2,75.71018542064688,58,9.8825481766772825,58,27.0,58,0.0028598910405110665,58,3.2976022906697624,149
2013,3,3,55.016537658828177,56,11.864080798239378,56,25.5,56,0.0031534119076608242,56,3.2398053461878629,142
2013,3,4,82.534369885433719,47,11.851934706417943,47,29.0,47,0.0022308979364194089,47,3.1519733759047739,117
2013,3,5,78.162349581888634,55,15.231528003528279,55,27.0,55,0.0021459227467811159,55,3.2901795115104271,130
2013,3,6,88.527420686401697,59,13.273394528997777,59,50.0,59,0.0032943995208146153,59,2.8182603457116642,152
2013,3,7,82.216490378453841,64,14.773527400968874,64,30.5,64,0.0024130784523814269,64,3.0925675667911632,187
2013,3,8,73.756214445176838,110,15.032466732164767,110,36.5,110,0.0018335562731542725,110,3.0016667555037992,256
2013,3,9,77.136065823556294,129,12.408408335914739,129,38.0,129,0.0030640948362467349,129,3.1589602411205102,299
2013,3,10,61.07535321821036,149,14.060153747921191,150,26.0,149,0.0029489573881833729,150,3.1765830762475771,353
2013,3,11,68.437583892617454,150,15.815479813205844,150,28.0,150,0.0022412614573025674,150,3.2502967890603753,367
2013,3,12,66.748331730425065,144,15.655822848515074,144,32.5,144,0.0025093148809976428,143,3.252605982307069,371
2013,3,13,65.577652846099795,159,14.986283761647996,159,26.0,159,0.0021011934778954445,159,3.245553791360261,408
2013,3,14,57.622527210502696,136,16.832483774011692,136,25.5,136,0.0021398806171866202,135,3.1360508697333067,359
2013,3,15,68.756602506714415,155,11.098553609853321,155,28.0,155,0.0017539810754673437,155,3.248784872142866,366
2013,3,16,65.335375191424191,153,14.430576427047789,153,26.0,153,0.0021193273439299699,153,3.2851024898123193,394
2013,3,17,65.22286397132045,199,12.020960847093122,199,26.0,199,0.0026071842410196988,199,3.2474213607360447,447
2013,3,18,61.808983747097699,192,12.998997067556303,192,27.5,192,0.0032942710301418049,192,3.2883790723444095,456
2013,3,19,72.845312500000006,269,11.254662414098501,269,33.0,269,0.0025431371390397632,268,3.2955251778689636,540
2013,3,20,79.405882352941177,277,10.951446296697398,277,36.0,277,0.0032124439935751121,277,3.2975114079177739,618
2013,3,21,61.80255941499086,313,12.433597085677201,313,27.0,313,0.0021826118588577663,313,3.206392627880231,631
2013,3,22,61.833967293808954,276,12.890588312519409,276,26.0,276,0.0027132164796907408,276,3.2892789527341724,599
2013,3,23,63.954911433172306,201,15.290022411510266,201,25.0,201,0.0017391304347826088,201,3.3910356046284913,467
2013,4,0,54.926417597934197,178,16.202297059767119,178,26.0,178,0.0020991968562002281,178,4.2845764866970928,382
2013,4,1,51.714989282425861,152,15.969514042933076,152,24.0,152,0.0021414340886322866,152,4.2838430468274842,318
2013,4,2,48.842093277464016,89,16.44335663111109,89,25.0,89,0.0017526462652491756,89,4.2800816360785694,215
2013,4,3,47.722526139466126,76,15.65984658686844,76,26.0,76,0.0026087903876694822,76,4.2378917498556499,160
2013,4,4,57.403351286654697,51,10.761742730451765,51,26.0,51,0.0041914076143904997,51,4.1308138730805801,142
2013,4,5,53.670308168922226,47,13.588583409918595,47,33.0,47,0.003746056782334385,47,3.5498934568540221,140
2013,4,6,70.055405541394052,74,11.606687116959025,74,30.5,74,0.002788928797802662,73,3.4483818051093276,173
2013,4,7,79.499162011173183,80,15.951487572841073,80,40.5,80,0.0023933968678061524,80,3.7879243730140848,224
2013,4,8,62.51123179461861,105,14.917918477790344,105,39.0,105,0.0024737167594310453,105,3.6479118987623607,265
2013,4,9,62.729306487695752,131,16.382103649062692,131,28.0,131,0.0020546889714569455,131,4.2480086477369561,292
2013,4,10,58.819155434499606,142,16.825690962375099,142,27.0,142,0.0032846945969164502,142,4.1572712558693556,308
2013,4,11,68.44222019411589,204,16.174721867528042,204,29.0,204,0.002142857142857143,203,3.8383483669441554,401
2013,4,12,68.44409743910056,181,15.535805196762254,181,37.0,181,0.0022527863410007113,181,4.086128631803331,401
2013,4,13,64.413790324617906,170,14.762892143382617,171,27.0,170,0.0029707172160135806,171,4.2092668793833923,380
2013,4,14,66.410236525785194,203,12.596238555211054,203,27.0,203,0.0031538701210764609,202,4.212905494398111,412
2013,4,15,63.091089108910893,195,13.723404312456404,195,27.0,195,0.00202757502027575,195,4.2100825876178991,417
2013,4,16,57.854067893040018,197,14.142517912976121,197,26.0,197,0.0022290809327846365,197,3.9249550041544912,439
2013,4,17,53.181127639943881,228,16.448624748762292,228,26.0,228,0.0023954185267216748,228,4.2461785813426243,484
2013,4,18,62.747057106722444,201,15.211126541294991,201,28.0,201,0.0017100895282164772,201,4.2422652904333296,471
2013,4,19,63.966425929179401,242,13.712062539262023,242,29.0,242,0.0023840570738014235,242,4.1615166904625198,561
2013,4,20,63.404366812227074,309,14.14161275265759,309,28.0,309,0.0017756255044390637,309,4.2422231926811618,655
2013,4,21,64.491071428571431,277,13.09226607916008,278,27.0,277,0.0017604811493257308,278,4.2460101491009725,595
2013,4,22,57.57592513823905,235,13.616883494350907,235,26.0,235,0.0019885507683037058,235,4.2532199296291804,542
2013,4,23,57.499323165334445,232,11.978904927330168,232,26.0,232,0.0023923540060721404,232,4.2100803337948216,499
2013,5,0,52.259740259740262,297,16.984449161541445,297,25.0,297,0.0032768467371968916,297,4.2891951059939055,557
2013,5,1,51.500594177064762,178,20.634171735946772,178,26.0,178,0.003221303554171588,178,4.2843735441605277,400
2013,5,2,55.321531100478467,133,13.579712080124228,133,27.0,133,0.0020131446503641424,133,4.2607662286568964,288
2013,5,3,51.931510791366904,77,21.783531942873996,77,26.0,77,0.0010239515626391238,77,4.3026137139106062,187
2013,5,4,57.105795209518611,94,15.737526703786509,94,28.5,94,0.0028628794782386033,94,3.9033792520553741,192
2013,5,5,73.537227478403949,99,14.309417964402773,99,43.0,99,0.002119285498032092,99,3.7229071009962995,196
2013,5,6,64.936507936507937,84,14.563336066149231,84,41.5,84,0.003571712040638146,84,3.5004102804944486,177
2013,5,7,72.188407181054245,127,10.450656681641618,127,44.0,127,0.0033879164313946925,127,3.2227599323450264,318
2013,5,8,53.990358864488485,159,13.201321834448295,159,28.0,159,0.0015253203172666261,159,4.0536978469363349,342
2013,5,9,67.480610024785648,174,13.10504095734284,174,37.0,174,0.0021317350469599603,173,4.2082891693077107,400
2013,5,10,57.38986013986014,211,16.031542117848605,211,26.0,211,0.0025498377375985167,211,4.2451350873420566,491
2013,5,11,51.346046422036018,209,15.060478725873169,209,26.0,209,0.0019264729491090063,209,4.1395805035897144,502
2013,5,12,63.389560779695309,216,14.761028162385671,216,29.0,216,0.0026034284063383645,216,4.2083710212146839,471
2013,5,13,58.230034129692832,213,15.195142276948291,213,28.0,213,0.0019738465334320256,213,4.1890079668268525,498
2013,5,14,59.117233778757402,257,14.428557360691547,257,29.0,257,0.0020679699958487639,256,4.0984910441119755,536
2013,5,15,67.206336548441811,284,12.299951948529589,284,33.0,284,0.0026844003157681954,282,4.2068196490404368,559
2013,5,16,82.20914127423822,327,11.705465749055586,327,46.0,327,0.0019654088050314465,327,4.1960179052552098,556
2013,5,17,77.925727866904339,377,9.3678315220778252,377,47.0,377,0.0030191527502594585,375,4.1991785664486407,681
2013,5,18,92.418952618453872,463,4.1685777734880647,463,61.0,463,0.002754188661923342,463,4.0876244429578179,664
2013,5,19,91.521212121212116,577,2.3977594849157748,577,63.0,577,0.0053178019751835906,577,3.5371307125012921,784
2013,5,20,96.032266026062928,636,1.8722626607321322,636,66.0,636,0.0057780889238614351,636,3.685065213561419,812
2013,5,21,94.086118251928013,589,2.3046181677570092,589,65.0,589,0.0049710024855012429,589,3.583356225448826,772
2013,5,22,85.761335676625663,459,5.8046030029499107,459,57.0,459,0.0032502708559046588,459,4.1659664552534501,707
2013,5,23,57.861079426067121,321,10.958547450196374,321,27.0,321,0.0024989587671803417,319,4.2350638526552569,669
2013,6,0,63.562863396145843,304,14.387500826922828,304,28.0,304,0.0027889928114898134,304,4.2711931981278042,636
2013,6,1,62.370845672918726,222,11.67018690015286,222,27.0,222,0.0031074823300024372,222,4.2983184868373669,442
2013,6,2,59.339100728272214,140,11.720706979798187,140,26.0,140,0.0023255032004251951,140,4.2814450922461011,322
2013,6,3,59.066905921558572,130,15.576936856126906,130,26.0,130,0.0027892446725426754,130,4.3116342688792217,300
2013,6,4,60.770147389560236,128,12.940592932719287,128,27.0,128,0.0034302963776070253,126,4.2470281834734056,268
2013,6,5,80.65121344119477,126,10.123865290293841,126,28.0,126,0.0024791622141483224,126,4.1092344017212064,272
2013,6,6,86.52684648862828,96,11.91803174957467,96,45.0,96,0.0024888421952124467,96,3.8441494054879213,284
2013,6,7,66.722439554113464,116,13.563335470466175,116,29.5,116,0.0033589011935719866,116,3.4451766320264188,336
2013,6,8,71.616739545482545,174,14.92313026244701,174,34.0,174,0.002462901300428557,172,3.4613794058486143,412
2013,6,9,74.864986766191578,192,10.461553494587086,192,35.0,192,0.0021027017400597472,192,3.8035211124556381,502
2013,6,10,63.045727062754928,200,14.146374679591393,200,27.5,200,0.0025563962235239284,200,4.0950364935446322,512
2013,6,11,62.983000734721728,288,15.249231763176603,288,26.5,288,0.002539061111640865,288,3.6521388053073753,612
2013,6,12,57.227223605694682,322,14.033872783793027,322,26.0,322,0.001999906981070648,322,3.8180567705607236,742
2013,6,13,63.247311827956992,274,11.421237053200759,274,32.0,274,0.0035541784379841427,274,3.8307110984160646,634
2013,6,14,59.642135642135642,282,14.885484717771899,282,34.0,282,0.0025604551920341396,282,3.970057818325345,678
2013,6,15,69.431857627519122,304,12.63087645954635,304,29.5,304,0.0023477849010047356,304,4.2415457138455581,664
2013,6,16,73.970024721878858,305,10.413648001398213,305,39.0,305,0.0019957866725801086,305,4.1508680396430098,644
2013,6,17,79.632911392405063,414,7.8691033211872563,414,50.0,414,0.0025799793601651187,414,4.2327414297977812,736
2013,6,18,91.627487952268041,500,4.920955574557059,500,62.0,500,0.003003003003003003,498,4.0572897276104491,814
2013,6,19,99.132530120481931,686,3.4152069959568596,686,67.0,686,0.0036231884057971015,686,3.8942916271858898,878
2013,6,20,97.349496797804207,854,2.2883772348484923,854,68.0,854,0.0045420136260408781,850,3.5219551297877256,956
2013,6,21,98.203509235409371,876,2.3845599146935159,876,67.0,876,0.0042603609962690329,876,3.6765688774035752,940
2013,6,22,99.741631280028372,700,4.2969893015262111,700,65.0,700,0.0025989833726306763,700,3.8432896321398147,894
2013,6,23,62.743185398329487,396,12.321238788453904,396,29.0,396,0.0033739942901635091,390,4.2814255136873349,756
2013,7,0,66.870775058275058,242,10.197492675243348,242,26.0,242,0.0024089935760171306,242,4.2598520310679415,574
2013,7,1,63.623447977503787,192,10.36745879207324,192,26.5,192,0.0044223964274683353,192,4.3104890909082254,416
2013,7,2,70.629995472496148,192,11.288246927799339,192,27.5,192,0.0021878295043173176,192,4.2966049594628988,368
2013,7,3,50.936814958091553,126,12.148993510735595,126,25.0,126,0.0015609756097560976,126,4.3341002428095923,258
2013,7,4,62.320138888888891,102,14.321428879521616,102,26.0,102,0.002321228804003741,100,4.2970920481820656,210
2013,7,5,60.91751220907986,120,15.2395287008972,120,28.0,120,0.0014882806524573137,120,4.2540491505110296,278
2013,7,6,81.910005746013894,124,14.351008630840127,124,44.0,124,0.0028564396220100196,124,4.2110097574904968,298
2013,7,7,70.344232515894646,174,12.851128142228035,174,36.0,174,0.0048115636010701238,172,4.2503164342528779,402
2013,7,8,65.045152810719571,216,12.3797427576886,216,43.0,216,0.0027536750067861443,216,3.9377482583735901,496
2013,7,9,70.316178050982245,220,14.222260324487774,220,33.5,220,0.0021273632862325734,220,4.2049023651202395,492
2013,7,10,58.035653650254666,222,14.045795483257265,222,27.0,222,0.0039215686274509803,222,4.2189497382346612,558
2013,7,11,66.879699248120303,294,14.068556782928326,294,38.0,294,0.0028402720681665297,294,4.2171401878199433,636
2013,7,12,70.651798561151082,330,12.835974269247247,330,35.0,330,0.0030428769017980637,330,4.1146208607386558,724
2013,7,13,75.04077670129621,308,10.850631541834122,308,35.5,308,0.0024239145703602773,304,4.2115985312823003,696
2013,7,14,62.121145685872492,264,11.018614520589338,264,27.5,264,0.0031069684864624943,262,4.2864189018406167,714
2013,7,15,62.766328030125216,288,13.670759494998133,288,28.5,288,0.0016220982334252247,288,4.2968656039984827,678
2013,7,16,66.511132623426917,250,11.376032896560567,250,28.5,250,0.0023609386766531657,250,4.288213142603448,648
2013,7,17,64.56038830055472,330,13.610032772074693,330,33.0,330,0.0030130390493864154,328,4.2918087609217741,822
2013,7,18,85.658980582524265,498,10.441218904515488,498,54.0,498,0.0021949078138718174,498,4.2156320468423978,886
2013,7,19,100.50760504545826,708,3.7862251289514175,708,67.0,708,0.002957329953527672,706,3.9801476098521404,974
2013,7,20,98.728205128205133,774,2.6393730222363403,774,67.0,774,0.0036849378166743437,774,4.0369017427086131,924
2013,7,21,99.117666998101782,876,2.8153691988012124,876,69.0,876,0.0036756687552232676,876,3.9278152777539042,964
2013,7,22,97.439528023598825,594,4.500311510598177,594,65.0,594,0.0023148148148148147,594,4.1258421142373871,836
2013,7,23,68.245146259383901,366,10.600804659792754,366,27.0,364,0.0034916201117318434,366,4.2709661662298162,750
2013,8,0,63.420990056204062,258,12.984971105593456,258,26.0,258,0.0015114301908180617,258,4.4458907917312622,518
2013,8,1,58.331322334400397,190,13.375518028450241,190,26.0,190,0.0022761313276311711,188,4.4548427917142455,382
2013,8,2,58.80064739609378,124,16.045006422405365,124,26.0,124,0.0046046582339957206,124,4.4916860815804656,288
2013,8,3,55.370971213344092,116,12.870927710261771,116,25.0,116,0.0036067278207887925,116,4.4786398173700759,256
2013,8,4,59.064055186006406,112,13.771769115210017,112,24.5,112,0.002412856195553599,112,4.4359360594186636,236
2013,8,5,72.036668803810215,96,10.792990246389532,96,27.0,96,0.0032573123796166698,96,4.4529237194371296,236
2013,8,6,57.429047835311202,144,10.730927941717201,144,26.5,144,0.0028198543900195619,144,4.2100307502976264,362
2013,8,7,82.547408343868526,170,10.35107356671967,170,45.0,170,0.0026595744680851063,170,4.0088586870584075,342
2013,8,8,75.966271649954422,230,13.935117387659549,230,45.0,230,0.0019980301111580134,230,4.16719224723946,494
2013,8,9,73.275084554678699,182,10.695114958722208,182,40.0,182,0.0035528422738190552,182,4.1338040552333046,414
2013,8,10,57.702419370589759,320,15.441650902109581,320,26.0,320,0.0024129212461517571,320,4.1381362332089759,702
2013,8,11,59.157068062827221,264,13.952672946768747,264,35.5,264,0.002326296832961065,264,4.249463682472415,604
2013,8,12,67.53879227651457,344,12.738976914085377,344,29.5,344,0.0029354207436399216,342,4.2695339868927871,770
2013,8,13,63.194122463712119,284,11.364799790589711,284,36.0,284,0.0024447419482343568,284,4.2874197037613238,694
2013,8,14,72.722940773707634,336,10.309911499178032,336,46.0,336,0.0032350876821998055,336,4.3675605131604183,700
2013,8,15,79.590753428894516,352,9.7518528644364704,352,38.5,352,0.0032381334913357766,352,4.3003735578017279,702
2013,8,16,82.438098616530681,331,11.516135322662,331,48.0,331,0.0025872067088946382,331,4.3499498343784726,669
2013,8,17,84.441371447873991,484,10.603064120683895,484,48.5,484,0.0015429867209952237,484,4.2426286611448027,874
2013,8,18,97.391176470588235,606,5.7473981065196709,606,63.0,606,0.001869158878504673,606,4.1839831063204125,890
2013,8,19,94.584139264990327,854,2.7480276094189242,854,65.0,854,0.0033288948069241011,854,4.2095487823102964,968
2013,8,20,95.967551622418881,1038,1.5788877768196465,1038,68.0,1038,0.0072511535926170073,1038,4.1493499449266338,1076
2013,8,21,94.991189427312776,894,1.5938557598358838,894,68.0,894,0.007089913723769832,892,4.0519695178807504,972
2013,8,22,93.731539342092105,656,2.6286875515264176,656,65.0,656,0.0033198973406181609,656,4.023977776896408,756
2013,8,23,81.432241382905517,316,7.9022562425986962,316,47.5,316,0.0036060303254116521,314,4.2884717864965634,594
2013,9,0,61.976158940397355,286,9.5388537633827859,286,25.0,286,0.0028680688336520078,286,4.455185202163884,632
2013,9,1,63.576822128003229,186,13.782858744336068,186,25.0,186,0.00185459940652819,186,4.4576132040280623,390
2013,9,2,65.724643888201513,140,10.131447264194104,140,24.0,140,0.001487438639593509,140,4.4916443610294774,336
2013,9,3,67.776003511129545,144,11.047174770252955,144,28.0,144,0.0025110019696685322,144,4.4132427417014117,304
2013,9,4,59.679542203147356,102,13.184753451543926,102,28.0,102,0.0011999134488659834,102,4.5017975024432584,226
2013,9,5,83.631578947368425,106,15.624059776506707,106,26.0,106,0.0015152365452606768,106,4.400218940527945,260
2013,9,6,77.284453336992655,116,13.477939531727117,116,36.5,116,0.0032071407491881211,116,3.6759276211248837,308
2013,9,7,88.730298745450355,176,12.149655561807029,176,47.5,176,0.0023923444976076554,176,3.9979602627219215,374
2013,9,8,60.383377611869015,180,16.233093296937511,180,28.0,180,0.0014966769385299653,180,4.4310808406205675,450
2013,9,9,67.541163523390736,248,11.05812025358135,248,37.0,248,0.0027001883856399176,248,4.4708449190043584,666
2013,9,10,67.028605482717524,282,13.51554531711769,282,34.0,282,0.0018879971057394222,280,4.2237314542793811,666
2013,9,11,62.846450060168472,250,12.27143054735653,250,40.0,250,0.0023880597014925373,250,4.3879918761744312,618
2013,9,12,67.34805523624064,292,13.211051105691945,292,36.5,292,0.0019803632915112402,292,4.3888559218583083,676
2013,9,13,64.485915492957744,278,13.046940547544295,278,38.0,278,0.002161872799522329,278,4.385597712103289,694
2013,9,14,66.967875172097294,358,10.704477849648748,358,37.0,358,0.0026132404181184671,358,4.4271002340592052,794
2013,9,15,72.382352941176464,342,10.506487224959496,342,39.0,342,0.0020664441265299633,342,4.4288080372572285,728
2013,9,16,72.048433048433054,325,8.7270370157893904,325,40.0,325,0.0013593112822836431,325,4.4221707943045176,777
2013,9,17,83.332944900922996,480,10.679276675574325,480,48.0,480,0.0022339059340802329,480,4.3727509516101524,944
2013,9,18,93.248394004282659,598,6.0175844215942629,598,62.0,598,0.0016015374759769379,598,4.3126117175203769,922
2013,9,19,98.461533902323367,1012,2.8832396788880388,1012,67.0,1012,0.0031041076802205783,1012,4.2678809919251659,1158
2013,9,20,95.038337626541406,996,1.8700390390285115,996,67.0,996,0.0057287576423491644,996,4.2516274586474339,1088
2013,9,21,90.694832086408766,940,1.9774535271224907,940,65.0,940,0.0053918060742295104,940,4.1887821479068128,1014
2013,9,22,92.842682926829269,638,3.4043675531489916,638,65.0,638,0.0031818181818181819,638,4.1872013881326371,856
2013,9,23,68.956613508442771,374,9.7383854359032647,374,31.0,374,0.0024075289997811337,374,4.4691279515539639,788
2013,10,0,72.307183001000851,156,9.2140925855759868,156,31.5,156,0.0019569471624266144,161,4.4669062039746921,369
2013,10,1,57.344858156028366,105,11.377103464789709,105,25.0,105,0.0033980582524271844,105,4.464115117714675,258
2013,10,2,58.146372590436897,88,12.347596754915502,88,25.5,88,0.0020915032679738564,93,4.5105145466671903,200
2013,10,3,85.327337578988931,60,9.6903271497239309,60,23.5,60,0.0026605229242801405,60,4.42917104984563,139
2013,10,4,76.307708523277213,48,6.8850327030846401,48,25.5,48,0.0024559967253376994,51,4.4450486216411846,132
2013,10,5,74.105279343926185,57,16.069686126098318,57,44.0,57,0.0010704918910239255,59,4.4257309749397296,147
2013,10,6,75.899443609357149,92,12.661664686351116,92,36.0,92,0.001545868115365929,92,4.4247810379978167,207
2013,10,7,71.250544567395664,79,10.08517455508369,79,37.0,79,0.0023307553766288803,79,4.3999806353714188,208
2013,10,8,61.440758293838861,103,14.719040518528686,103,30.0,103,0.0016920473773265651,112,4.4227839940359051,264
2013,10,9,77.792051756007396,145,14.437569386513458,145,40.0,145,0.0018619373458083135,147,4.468352188931334,373
2013,10,10,76.368867924528303,143,14.508086825793226,143,45.0,143,0.0014983518130056938,151,4.4243587123443326,404
2013,10,11,76.271926670150293,176,12.576720015545007,176,46.0,176,0.0015510412243783505,182,4.4240905465622848,372
2013,10,12,75.760570018337944,160,11.006895032590865,160,45.5,160,0.0016775005242189139,165,4.4678473135054704,403
2013,10,13,77.360374646910159,154,6.3664349579103829,154,50.0,154,0.0027060194071917383,166,4.3902817052158252,347
2013,10,14,86.366237482117313,203,6.9284659727433144,203,50.0,203,0.0025259612685938817,218,4.2895785052254443,420
2013,10,15,84.593553467042938,266,5.4128702674013045,267,56.0,266,0.002874111881668558,270,4.3499008306748754,471
2013,10,16,86.723227611357771,292,3.421202145313488,292,62.0,292,0.0027986834178660167,298,4.3265196493901925,444
2013,10,17,94.071111111111108,327,2.8649362738709643,327,63.0,327,0.0033222591362126247,333,4.3886087901939685,494
2013,10,18,99.210159770585832,428,1.9139097108251388,428,66.0,428,0.0054831293723229917,434,4.1914507834971122,534
2013,10,19,99.305993690851736,552,1.5081983808249388,552,68.0,552,0.0074454024033855969,564,4.1313616418545571,666
2013,10,20,93.620567375886523,577,1.2484046105170703,577,67.0,577,0.01001669449081803,601,3.9512442101985767,671
2013,10,21,94.87953736654805,580,1.0840109158557985,580,66.0,580,0.011795543905635648,584,3.9906554263043112,674
2013,10,22,89.366386554621855,413,1.4095768785084224,413,65.0,413,0.008585515940768864,418,4.1873174955759724,518
2013,10,23,85.339110572665064,306,3.1702448362589331,306,61.0,306,0.0033726908726908729,308,4.3030850334033177,441
2013,11,0,80.893048128342244,129,7.2512064997178829,129,49.0,129,0.0014887598630340926,129,4.3894794466940059,236
2013,11,1,59.007948639559764,95,10.076967052310779,95,24.0,95,0.0022520661157024793,95,4.4653052918655902,207
2013,11,2,47.923333333333332,47,11.545291480085524,47,24.0,47,0.0029433406916850625,47,4.4652570751051144,115
2013,11,3,46.853738271840996,52,15.289208882786577,52,24.0,52,0.00097898789629484364,52,4.4636727845085087,132
2013,11,4,63.443123938879459,23,5.0013896976410006,23,27.0,23,0.0012953367875647669,23,4.1494705664794083,93
2013,11,5,71.319039327638748,46,14.972784976233616,46,41.0,46,0.0022226291220472632,46,4.4279477338141211,109
2013,11,6,75.115499254843513,43,13.144322854030639,43,31.0,43,0.0043149946062567418,43,4.4237208745830809,131
2013,11,7,69.400297300574977,52,14.605205053678414,52,31.0,52,0.0031352253244079122,52,4.4284434678456108,168
2013,11,8,60.197280588907944,76,10.286757519690962,76,26.5,76,0.0022990512302616456,76,4.4645923358452873,190
2013,11,9,61.524802908133495,104,13.078739269403854,104,28.0,104,0.0026542943494817089,104,4.4658440696439348,234
2013,11,10,75.734034145738121,122,9.7710922310132062,122,45.5,122,0.0010451743707611434,122,4.3862057656961246,247
2013,11,11,81.785823705222242,144,11.674877821023045,144,52.0,144,0.001531915982709454,144,4.3862506397299246,258
2013,11,12,83.157103825136616,147,7.6818521873568848,147,51.0,147,0.0010861694424330196,147,4.3476885370128366,244
2013,11,13,78.597261573822863,134,5.9638076951264072,134,53.5,134,0.0014073982360227294,134,4.4226250882994851,244
2013,11,14,81.727500000000006,189,5.0044002317454082,189,58.0,189,0.0022970903522205209,189,4.3839715055474207,323
2013,11,15,83.585185185185182,189,4.4339293844294083,189,60.0,189,0.002565042139978014,189,4.3059411049205725,275
2013,11,16,92.785207047935444,246,4.1217138674763714,246,65.0,246,0.0021840821933949632,246,4.2668632013228276,320
2013,11,17,89.779485362504985,328,3.290338206357859,328,64.0,328,0.0022659701054621919,328,4.184399804622446,375
2013,11,18,88.979289012213712,382,2.0661637120363219,382,66.0,382,0.0047101390816096031,382,4.3054745419125844,421
2013,11,19,88.664047787193965,452,1.4646400900760921,452,66.0,452,0.0079199208966211181,452,4.3079550360265113,502
2013,11,20,89.915217391304353,429,1.3340445701664112,429,67.0,429,0.0086542622241453909,429,4.3045266663808288,473
2013,11,21,91.362068965517238,421,1.268747560767902,421,67.0,421,0.0090322580645161299,421,4.2669406250507764,468
2013,11,22,88.005508098772339,338,1.6975138580964215,338,66.0,338,0.0060863152199413812,338,4.2679371642922694,369
2013,11,23,85.720751347824589,255,2.9494734773233957,255,62.0,255,0.0027913468248429866,255,4.342177719662935,334
2013,12,0,88.788677189344725,170,2.3502807926229377,170,64.0,170,0.0048094822225654794,170,4.386816657399371,263
2013,12,1,76.506898620275948,83,5.363442356702512,83,28.0,83,0.0024813895781637717,83,4.4657260442638824,193
2013,12,2,51.071275271616933,54,12.905599552215023,54,23.5,54,0.0016019678713241202,54,4.4608512413283776,132
2013,12,3,50.069332039911302,44,6.0903686327147808,44,23.0,44,0.0024426630101728151,44,5.1102070479865018,141
2013,12,4,71.328669926650377,44,11.585119864203246,44,34.5,44,0.0018013729480113986,44,4.507600166802245,98
2013,12,5,54.309931506849317,37,12.688737465418242,37,27.0,37,0.0013995801259622112,37,4.6641820330233488,106
2013,12,6,72.466032859516332,73,11.312335982208506,73,40.0,73,0.0019102196752626551,73,4.429546268103695,155
2013,12,7,68.360788068301588,70,11.466884201168316,70,36.5,70,0.0031953742123675497,70,4.4456344506701395,191
2013,12,8,72.893760842256384,100,11.793547976262582,100,29.5,100,0.0022477990213531224,100,4.4183629735573566,273
2013,12,9,72.415728369349893,126,11.832645717789111,126,43.5,126,0.0017708363497428092,126,4.4237649407452526,250
2013,12,10,92.03602429492048,158,7.9259985116154237,158,57.0,158,0.0016217724962784251,158,4.3768605604769624,294
2013,12,11,87.415408092656975,206,5.127974585200743,206,62.0,206,0.0017936834576925266,206,4.2263007649003939,323
2013,12,12,83.820710059171603,212,4.2042744236019907,212,62.0,212,0.0026212725024048374,212,4.3449270756431968,335
2013,12,13,89.529411764705884,205,3.0527760232773704,205,63.0,205,0.003453379378391712,205,4.2972667054659137,322
2013,12,14,94.917561828628536,267,2.4375975166530521,267,66.0,267,0.0038314176245210726,267,4.3101398054453828,363
2013,12,15,90.260162601626021,301,2.4981280212962558,301,67.0,301,0.0037220843672456576,301,4.3464795939632364,373
2013,12,16,87.043887147335425,325,2.437884450968451,325,66.0,325,0.0035998971457958345,325,4.2668961052760563,365
2013,12,17,95.480703957382048,366,1.8569353868024869,366,67.0,366,0.0054129676833377278,366,4.2691791785682378,401
2013,12,18,92.319354838709671,417,1.4169439892068854,417,69.0,417,0.0077922077922077922,417,4.3407034220127994,455
2013,12,19,91.982193239286659,502,1.2105788199490783,502,69.0,502,0.01,502,3.9095797105136332,538
2013,12,20,95.660377358490564,497,0.94181927594698578,497,71.0,497,0.013636363636363636,497,4.3488551419141608,538
2013,12,21,96.274265766912833,404,0.90729875406645244,404,70.0,404,0.015303548910106287,404,4.2647774649551309,438
2013,12,22,92.656578754935907,374,1.0521448500494497,374,68.5,374,0.012483325611037002,374,4.2283577573315174,411
2013,12,23,88.814540059347181,341,1.4157836264400756,341,66.0,341,0.0085937500000000007,341,4.3082603586601333,381
2014,1,0,88.597014925373131,193,2.364780175936628,193,64.0,193,0.0047872340425531915,193,4.299315566017647,258
2014,1,1,85.405531609195407,95,6.8242266400616973,95,51.0,95,0.0017482517482517483,95,4.342224878246892,179
2014,1,2,49.559589094987324,64,11.5280937504471,64,26.5,64,0.0012086761358096269,64,4.4255880922562545,138
2014,1,3,55.762319605772618,53,10.714552903771333,53,25.0,53,0.0020799480012999674,53,4.5091390878870605,130
2014,1,4,68.864525139664806,35,8.0910843948644509,35,34.0,35,0.0023460410557184751,35,4.4664743575896111,97
2014,1,5,77.701407688142936,49,12.496769138011285,49,43.0,49,0.0024724836497048972,49,4.2699522295672194,105
2014,1,6,68.322025316455694,65,7.9207576024939712,65,44.0,65,0.0024465069317696399,65,4.2228961403347629,154
2014,1,7,80.834470377019755,61,13.652099127296713,61,31.0,61,0.002631578947368421,61,4.3144337076466766,152
2014,1,8,67.689642184557442,111,13.686853746505388,111,39.0,111,0.001662364932849206,111,4.46528865357066,248
2014,1,9,83.901178197965919,134,7.3080409239956259,134,52.5,134,0.0017283944551177584,134,4.3485055462709266,278
2014,1,10,85.207854984894254,193,4.8159652614046013,193,62.0,193,0.0019136721241760578,193,4.3866254643682447,341
2014,1,11,85.640000000000001,181,3.8964417493748802,181,65.0,181,0.0033025099075297227,181,4.0664126123983309,299
2014,1,12,91.024886877828052,231,2.3807172089659732,231,67.0,231,0.0043689320388349516,231,3.6484934522275267,340
2014,1,13,97.041452747670661,237,2.5127943059925086,237,68.0,237,0.0039100684261974585,237,4.1900864584988016,329
2014,1,14,93.296983758700691,327,2.2785629077030038,327,67.0,327,0.0041994750656167978,327,4.2300238212543908,388
2014,1,15,89.483404013144607,300,1.8948294217650838,300,67.0,300,0.0053309288600341571,300,4.3049328008849645,345
2014,1,16,94.53482587064677,357,1.4568441601535258,357,69.0,357,0.0069177555726364333,357,4.3450308066478733,387
2014,1,17,91.105267597317706,432,1.251537157598404,432,68.0,432,0.0095619331329627362,432,4.2731295827616034,461
2014,1,18,98.013993374005082,452,0.92511229092386493,452,71.0,452,0.01446567421324205,452,4.2077550096561076,498
2014,1,19,100.46527107852594,496,0.68096559329507067,496,72.0,496,0.022409007542247374,496,4.3047321785342634,537
2014,1,20,105.22767857142857,493,0.54114244069443584,493,74.0,493,0.028925619834710745,493,4.0309590065157836,534
2014,1,21,102.38065843621399,488,0.54098516828858079,488,72.0,488,0.030959785294368238,488,3.9509831438431373,528
2014,1,22,95.977845476129175,420,0.66512321572642086,420,70.0,420,0.024948029261289372,420,3.9510096083397879,451
2014,1,23,88.682666666666663,341,1.0247550300861941,341,66.0,341,0.012173913043478261,341,4.3354233834657085,377
2014,2,0,79.792741919161244,142,2.1363292008455801,142,55.0,142,0.0045436519999963697,142,4.3866613405339292,190
2014,2,1,67.82896379525593,51,5.3411568408469829,51,31.0,51,0.0036615134255492269,51,4.444898856500755,130
2014,2,2,59.69058374479112,50,12.557501966064081,51,26.0,50,0.002617801047120419,51,4.4678184183641756,121
2014,2,3,56.531047535852082,37,14.672790379583326,37,25.0,37,0.0011778563015312131,37,4.4656895353615695,92
2014,2,4,66.657236126224163,33,11.645452080993563,33,42.0,33,0.0017018720592651916,33,4.4680448303036817,83
2014,2,5,81.306312774713632,46,15.126335488296862,46,46.5,46,0.0016095980745181038,46,4.3894150972302706,108
2014,2,6,86.479861111111106,53,13.296355181674217,53,49.0,53,0.0017796030116358659,53,4.2474041333125694,128
2014,2,7,69.330232558139528,69,12.375395752084156,69,44.0,69,0.002527988443481401,69,4.3869933889671326,190
2014,2,8,80.982964224872234,91,12.313103613300827,91,48.0,91,0.0016586040082930201,91,4.309583769697265,211
2014,2,9,80.250465149563482,107,9.0850659322173861,107,53.0,107,0.0024794466918961243,107,3.951285200522316,224
2014,2,10,74.470032573289899,133,4.1706633297497868,133,53.0,133,0.0032381513099793936,133,4.3082741263440552,247
2014,2,11,81.011013215859037,135,4.400534300087604,135,56.0,135,0.0034318113995822144,135,4.0681445369653071,240
2014,2,12,95.356413873848254,166,1.8257971919136837,166,57.0,166,0.0067973749434824078,166,4.2592978600486662,261
2014,2,13,84.945288753799389,223,2.8230149447642421,223,58.0,223,0.005637773079633545,223,4.3435962920139115,306
2014,2,14,83.178294573643413,207,1.8901795344057146,207,58.0,207,0.0081730769230769235,207,4.3822482702705372,281
2014,2,15,85.804597701149419,206,1.5355075627709427,206,59.0,206,0.0078921117001318937,206,4.3543436980991359,254
2014,2,16,92.17540921372904,282,1.3676523444198412,282,64.0,282,0.0089260451343171378,282,4.3478115853202048,339
2014,2,17,91.436477248451183,264,1.02418947166777,264,61.0,264,0.013412927179341186,264,4.3104692299839655,315
2014,2,18,93.616958323739354,310,0.83439610357516747,310,62.0,310,0.018016007692455937,310,4.3037095492329778,382
2014,2,19,92.381578947368425,363,0.65834152773182064,363,63.0,363,0.025000000000000001,363,4.3072979528827311,430
2014,2,20,101.29526029526029,336,0.50651164840624896,336,67.0,336,0.03388811450683421,336,4.2617956389060589,404
2014,2,21,99.023474178403745,308,0.49823280532514874,308,65.0,308,0.036067147768451699,308,4.3064022050270232,374
2014,2,22,90.574358974358972,243,0.63127500222010957,243,63.0,243,0.028571428571428571,243,4.3754869194449881,294
2014,2,23,88.583222858895851,224,0.96744959266577046,224,60.0,224,0.015495300816354531,224,4.3128682627314419,271
2014,3,0,58.749637155297535,111,12.702887108208335,111,26.0,111,0.0011169780666125102,111,4.4668029136741128,246
2014,3,1,55.439306358381501,73,11.344172511677803,73,26.0,73,0.0015544363613753654,73,4.4989427839728418,161
2014,3,2,74.763593380614651,56,9.8992421112147895,56,26.0,56,0.0037243066128338706,56,4.4514614291873142,123
2014,3,3,67.233035220357735,29,11.930950322189924,29,26.0,29,0.0032243880990766526,29,5.0510687314750662,76
2014,3,4,74.717950786607503,50,15.451234631509086,50,43.0,50,0.0016244490787440005,50,6.1344353286015165,113
2014,3,5,66.949547290971751,56,15.11810525376799,56,45.0,56,0.0015862174072282817,56,4.4247525960334055,134
2014,3,6,85.020634593398256,76,15.158790879640115,76,48.0,76,0.0024404383716807422,76,4.251217759348088,165
2014,3,7,71.704631146380422,92,11.808998362632938,92,46.0,92,0.0017646822136829846,92,4.031842311241598,231
2014,3,8,83.899361022364218,105,14.661351850879219,105,48.0,105,0.002027163997567403,105,4.0311906894745926,253
2014,3,9,79.6935177424633,130,9.7354135138857956,130,46.0,130,0.0018593674017115668,130,4.386911092217761,291
2014,3,10,69.618431689571551,119,12.41074785165635,119,44.0,119,0.0017203096557380328,119,4.3844036400659991,280
2014,3,11,66.477434472466513,120,14.069395520111707,120,34.5,120,0.0015360775201121628,120,4.4286176094035659,295
2014,3,12,81.424945612762869,141,13.395027189018617,141,40.0,141,0.0029012345679012346,141,4.430111069513563,335
2014,3,13,70.072262964150923,146,10.028770011202607,146,36.0,146,0.0022080778168986717,146,4.4634374840612576,299
2014,3,14,62.47792636294583,148,13.49082584406076,148,32.5,148,0.0014480225821003215,148,4.4311231865312202,342
2014,3,15,60.3187616240306,142,13.240220813840892,142,29.0,142,0.001623329088596236,142,4.4563666912023798,315
2014,3,16,63.077456647398847,151,14.124019409795155,151,28.0,151,0.0010314262691377921,151,4.4702965996888926,361
2014,3,17,63.04993543202697,150,11.032818965580272,150,33.5,150,0.0017202075440758827,150,4.4656362506921754,360
2014,3,18,72.441790408958127,190,12.408311615550637,190,44.0,190,0.0021081803407244793,190,4.4673292973359864,467
2014,3,19,64.828073864003585,230,12.381983934149355,230,32.0,230,0.0019751532712893958,230,4.4682444059909256,490
2014,3,20,66.634755297492177,216,13.396874596021735,216,28.0,216,0.0012478999629370623,216,4.4653704880145018,489
2014,3,21,65.708108108108107,219,9.1421670088021862,219,30.0,219,0.0025934730927166631,219,4.4303483329340176,500
2014,3,22,66.006640106241704,209,10.222302388052086,209,28.0,209,0.002373562169070659,209,4.4691680513213861,462
2014,3,23,58.145607840736176,138,11.490406065523491,138,27.0,138,0.0015940546574346279,138,4.4675379872510792,330
2014,4,0,57.091285352954699,121,11.174242010737713,121,26.0,121,0.0020339582596391936,121,4.4683186994746293,292
2014,4,1,54.650821596244128,77,10.454989872134465,77,26.0,77,0.0016658337497917708,77,4.5015188801590638,191
2014,4,2,62.919951485748939,81,11.203618965382592,81,26.0,81,0.0016606698034874066,81,4.4688405136982832,167
2014,4,3,59.315037593984961,53,12.773263320700282,53,28.0,53,0.001679888007466169,53,4.5089320084807696,117
2014,4,4,74.362880886426595,52,10.128203213448128,52,43.0,52,0.0012254599898742272,52,4.4659012962541427,127
2014,4,5,82.368263473053887,63,12.968470591182287,63,46.0,63,0.0009681166903317413,63,4.4681026268174318,161
2014,4,6,89.023811033059985,84,10.893331733406962,84,49.5,84,0.0041614472072685465,84,4.4261951554903831,199
2014,4,7,87.20975609756097,133,12.564618737638122,133,48.0,133,0.0013576196402307953,133,4.3518121308167972,263
2014,4,8,83.969283276450511,155,12.246350485022027,155,47.0,155,0.0019913011580988313,155,4.308654873091843,362
2014,4,9,64.676371022342593,141,13.865963721093427,141,40.0,141,0.0015165501780298035,141,4.385483991776792,341
2014,4,10,69.856791939338194,178,14.630394732015608,178,42.5,178,0.0016586177353134406,178,3.9101820348603673,366
2014,4,11,71.942232192933261,165,10.425953549875949,165,42.0,165,0.0018621973929236499,165,4.4257377063766752,347
2014,4,12,64.422354289452713,144,15.509626402690106,144,33.5,144,0.0014164305949008499,144,4.3840383040928153,348
2014,4,13,68.380201542978497,160,14.691860440016574,160,44.0,160,0.0016825574873808188,159,4.4303205041292761,343
2014,4,14,69.070033887364858,155,14.686881234944698,155,29.0,155,0.0014539110206455365,155,4.4624663530591926,383
2014,4,15,70.03652552140187,148,14.605357146817598,148,33.5,148,0.0012483725171720827,148,4.4668494577883049,342
2014,4,16,66.883678990081151,173,9.9228084498578895,173,32.0,173,0.00229169115054648,173,4.4667488812638041,347
2014,4,17,67.334634559307688,205,10.269541028619788,205,29.0,205,0.0013627278783841076,205,4.4655460516934893,447
2014,4,18,65.340282327378958,212,12.575315330143116,212,33.0,212,0.0014129437634677849,212,4.466130741041253,474
2014,4,19,62.865909090909092,255,11.042862818871411,255,26.0,255,0.0017599824001759982,255,4.4669211553056973,577
2014,4,20,60.619447779111646,283,11.228380996728609,283,27.0,283,0.0014807502467917078,283,4.4294808616043735,633
2014,4,21,62.089639639639643,231,11.383284313288648,231,27.0,231,0.0015756078865562322,231,4.4682763653408761,563
2014,4,22,59.987089576028055,241,12.026730945143616,241,27.0,241,0.002063584187786161,241,4.4684198543082321,523
2014,4,23,63.304783684355208,156,10.331833820003348,156,26.0,156,0.001697905320741555,156,4.4331327650634966,408
2014,5,0,56.45669291338583,163,10.642843009620764,163,27.0,163,0.002413904087544255,163,4.4657480205430247,362
2014,5,1,47.648048554385085,122,10.301929778876472,122,25.0,122,0.0026787604255879664,122,4.4679411403061318,259
2014,5,2,61.749728567144736,92,4.0470521618994697,92,29.0,92,0.0019249278152069298,92,4.4275552701030074,243
2014,5,3,60.964788732394368,63,12.086692260429563,63,25.0,63,0.0027588513146344523,63,4.4708153042832617,135
2014,5,4,61.072691552062871,71,6.4539088878612478,71,26.0,71,0.0015141318977119785,71,4.4695366299652441,158
2014,5,5,84.795063894073095,68,6.5087571365204795,68,44.0,68,0.001572277260554953,68,4.4249031643214956,181
2014,5,6,64.629107981220656,114,9.0607337777489114,114,46.0,114,0.0031239153071850054,114,4.1509084206884506,253
2014,5,7,74.040231636696134,119,14.037035070790912,119,49.0,119,0.002307381241228383,119,4.3331784384637491,286
2014,5,8,66.844712990936557,195,12.397239957318765,195,44.0,195,0.0013767485355811568,195,4.423866830107162,430
2014,5,9,72.992257651117214,128,13.44877433077253,128,37.0,128,0.002331002331002331,127,4.386195424373911,361
2014,5,10,83.979310344827582,182,12.049414983637963,182,47.0,182,0.0018817894106577708,182,3.6261928854363568,482
2014,5,11,66.199543899657925,223,16.498736842743696,223,33.0,223,0.0013279859764680885,223,4.3517846253380306,501
2014,5,12,74.132145019321115,202,14.06685104527863,202,35.0,202,0.0014984440085552609,202,4.3863438770606074,451
2014,5,13,72.614906832298132,184,14.313524995152594,184,38.0,184,0.0020673028096899549,184,4.3422473139334299,409
2014,5,14,63.017521666333941,200,10.423212448602225,200,33.5,200,0.0020408163265306124,200,4.4528717674828489,437
2014,5,15,62.404347826086955,181,10.904181341432805,181,26.0,181,0.0017777232881750751,181,4.4641144389601148,469
2014,5,16,58.757913351016796,224,11.320901916567735,224,27.0,224,0.0015392508978963571,224,4.4655188842639433,477
2014,5,17,67.145291479820628,244,12.605723809762896,244,28.5,244,0.0018105876688296954,244,4.4662430092611007,515
2014,5,18,64.774781560711062,255,14.496270008209938,255,27.0,255,0.0013079450054751187,255,4.4654394480341306,548
2014,5,19,62.427601809954751,278,12.228961309813249,278,27.0,278,0.0012894256214227829,278,4.4683059487486076,614
2014,5,20,60.971179039301312,309,11.325433333001822,309,27.0,309,0.0012554927809165098,309,4.4646198288625616,727
2014,5,21,55.308943089430898,259,14.353088344194422,259,26.0,259,0.0017033251869954826,259,4.4689513885299759,652
2014,5,22,56.977154341238638,254,12.363315667800213,254,26.0,254,0.0015368376281173492,254,4.4652075019232136,554
2014,5,23,63.300199447567863,192,11.364786161093267,192,25.0,192,0.0016356079903472316,192,4.4669507184593344,479
2014,6,0,55.644150587142661,64,5.7423863365249801,64,28.0,64,0.0021216877241911295,64,4.4291161040804807,143
2014,6,1,62.486725663716811,45,9.5361158373773041,45,27.0,45,0.0019592024893396336,45,4.470952148000662,89
2014,6,2,56.178325969563083,35,8.939055983848867,35,26.0,35,0.0019284712482468443,35,4.4154815472317352,66
2014,6,3,56.475057418465781,31,14.738416711964399,31,28.0,31,0.0010649627263045794,31,4.4666452514070594,67
2014,6,4,57.296121038142317,18,10.334349052316238,18,41.5,18,0.0015087836912786,18,4.9965065168359288,44
2014,6,5,99.723214641360613,22,13.233973543700442,22,47.5,22,0.0037281989750427361,22,3.1323171624919204,43
2014,6,6,90.132347779048871,28,15.675428028665518,28,53.5,28,0.0017990387779635928,28,4.2686035528010011,79
2014,6,7,73.45908460471567,37,12.399826379710802,37,47.0,37,0.0014269697278564877,37,4.1485119574342129,118
2014,6,8,80.700769230769225,73,12.111513177399781,73,57.0,73,0.0023081361800346219,73,4.3903340777803832,157
2014,6,9,69.941860465116278,63,11.886189644985963,63,41.0,63,0.0037907505686125853,63,4.3896244084321872,129
2014,6,10,61.230779076509052,98,12.637747612014891,98,40.0,98,0.0013714365260998063,98,4.4318068455089215,162
2014,6,11,70.016334887613581,84,13.566882466955807,84,41.0,84,0.001108472829677732,84,4.4250787958115785,159
2014,6,12,76.175257731958766,107,17.12772249586159,107,44.0,107,0.0014361920393926959,107,3.606985864245468,205
2014,6,13,62.305991173518947,70,16.470420177004303,70,34.5,70,0.0016140526463323329,70,4.4287655619682402,141
2014,6,14,56.425332290852225,69,13.91820630825497,69,32.0,69,0.0016455328622592199,69,4.4665993839892586,145
2014,6,15,56.27103348189722,78,11.950680030703479,78,29.0,78,0.0018423059730703554,78,4.7243689810843286,160
2014,6,16,53.904323524576689,56,12.853412748144917,56,27.0,56,0.0018732248050123334,56,4.4516265476768222,126
2014,6,17,61.328723062077842,87,14.712502947749371,87,36.0,87,0.0020382742611255804,87,4.464570635348073,180
2014,6,18,56.641783393073524,84,15.780353138808021,84,37.0,84,0.0016930838997866178,84,4.4670754371010943,176
2014,6,19,71.872721018231857,99,13.20003992493322,99,36.0,99,0.0022303140646335912,99,4.4586297183930315,220
2014,6,20,69.441109709962177,108,8.7052301874474267,108,34.0,108,0.0018702860058712242,108,4.4302591218846441,213
2014,6,21,59.116613356512289,84,12.037060834287518,84,27.0,84,0.0021515227496287153,84,4.4395904363910015,198
2014,6,22,62.848199445983383,81,12.678018320250303,81,27.0,81,0.0010748354158269515,81,4.4308760672314937,200
2014,6,23,59.104889189646421,87,10.60973327262538,87,28.0,87,0.0020445418035779481,87,4.4703316766301349,170
2014,7,0,62.842820945945945,45,9.3066888165215911,45,35.0,45,0.0024052916416115455,45,4.4286885650576524,104
2014,7,1,52.010073229027171,36,14.616203650089936,36,26.0,36,0.0033182092453070762,36,4.5203201594039948,87
2014,7,2,64.96927767354596,33,15.481772427330517,33,29.0,33,0.0020726575348636207,32,4.4755311698272617,73
2014,7,3,87.091827320718721,24,12.858395045075522,24,40.5,24,0.0020109839432640047,24,3.9914173325801716,65
2014,7,4,83.415358170331885,22,9.7268540662625167,22,43.0,22,0.0021229990842391248,22,4.2606200138801373,40
2014,7,5,91.746900515961357,32,11.814636517849124,32,46.0,32,0.002705741882670309,32,2.4929051625791949,80
2014,7,6,85.722016924173374,56,11.168875435476474,57,60.0,56,0.0020475887876862248,57,2.2845099530614248,105
2014,7,7,89.302222222222227,69,13.010612035448059,69,69.0,69,0.0025311260090299633,69,2.4905301224066942,143
2014,7,8,85.664798473646556,81,12.050758392696423,81,60.0,81,0.0012239902080783353,81,2.6340442126651871,181
2014,7,9,75.797333333333327,85,16.158159973568598,85,48.0,85,0.001621379850162138,85,3.1715052813380273,165
2014,7,10,77.65595395327378,98,13.436730571121918,98,47.0,98,0.0021481796808037988,98,1.8463194270528456,192
2014,7,11,68.40408163265306,93,16.323627660100591,93,44.0,93,0.0015590489801221255,93,2.371310043524899,196
2014,7,12,81.710905349794245,99,12.971963397296312,99,46.0,99,0.0018245796950345367,99,2.6298173502309741,194
2014,7,13,78.280022766078545,107,14.012283440691416,107,45.0,107,0.0017482517482517483,107,2.8891452893050662,187
2014,7,14,71.891998990408894,100,8.8390033107944763,100,38.0,100,0.0027986392909777318,100,3.9617818600682231,188
2014,7,15,62.849407670159039,76,12.723910755378236,76,34.0,76,0.0014207566761028144,76,4.2767561938232461,160
2014,7,16,76.564965455761083,97,11.977989863202392,97,40.0,97,0.0016899028305872412,97,4.3581112993080575,159
2014,7,17,70.522277603656107,112,12.17436009680285,112,37.0,112,0.0018763233127088437,112,4.392239025000289,193
2014,7,18,74.4645494830133,117,11.22022263366215,117,38.0,117,0.0015746260263187492,117,4.4716768098165254,199
2014,7,19,67.9041839277252,114,11.612896745638494,114,37.5,114,0.0020418900602460592,114,4.4117642376041148,206
2014,7,20,69.049579264445839,98,9.2100884086263513,98,32.0,98,0.0023170435788760803,98,4.3717294174747732,197
2014,7,21,64.215011798116478,126,8.7663073261698372,126,39.0,126,0.0027017273538236962,126,4.3563291509015531,212
2014,7,22,70.187956043956049,79,11.286863924223514,79,32.0,79,0.0024426457205804874,79,4.3418482122940061,173
2014,7,23,68.436885563235023,64,8.0134198889244619,64,36.0,64,0.0032386301486524017,64,4.2979594583601681,150
2014,8,0,77.28017241379311,73,7.5494236693808743,73,38.0,73,0.0015306723183798423,73,4.8093979360211492,125
2014,8,1,89.935744802792684,44,7.2774917206509162,44,38.0,44,0.0032237375232415837,44,4.3747306904406145,80
2014,8,2,99.442899875676915,32,8.9722670342268813,32,31.0,32,0.0015671089751347958,32,3.965644314332498,63
2014,8,3,97.590686274509807,21,9.2071966187266057,21,45.0,21,0.0038895859473023838,21,4.401813249135385,47
2014,8,4,61.473762422216033,35,8.5248951128323238,35,39.0,35,0.0022818026240730175,35,4.1959469178209181,56
2014,8,5,87.632398260861919,42,9.5707136070365042,42,43.5,42,0.0011916159019994214,42,4.4381833274115037,82
2014,8,6,86.022950897440666,74,12.165443894192535,74,50.0,74,0.0022271753244692072,74,2.670485428486379,119
2014,8,7,82.157291666666666,73,12.33761568769787,73,48.0,73,0.0018936687151636415,73,3.8336603027493825,149
2014,8,8,82.231464737793857,115,12.761093732151384,115,58.0,115,0.0013207131851199648,115,2.772783060122769,196
2014,8,9,76.650286267972746,126,14.903863745241619,126,45.0,126,0.0026335538506311817,126,2.8261353918588705,216
2014,8,10,74.483935742971894,107,14.782655357846158,107,45.0,107,0.0017679352377407648,107,2.4226216906625839,224
2014,8,11,80.654708520179369,117,13.163289977647073,117,42.0,117,0.0015242795964288307,117,2.6908130772698282,214
2014,8,12,74.742668788360987,127,15.633938673457511,127,43.0,127,0.0020396078689387462,127,2.5275390498421886,215
2014,8,13,79.198916187805139,118,15.021974529627531,118,43.0,118,0.002342198523199807,118,3.8667676589537017,186
2014,8,14,68.283518812930581,123,9.5966474111510394,123,39.0,123,0.0024296246648793565,123,3.5291332103546473,242
2014,8,15,60.906944155468366,122,14.449382178467239,122,41.0,122,0.0014226559901646088,122,4.3867106624429715,215
2014,8,16,63.586647727272727,89,13.01056759348222,89,40.0,89,0.0016738402678144429,89,4.3872966748545927,175
2014,8,17,76.620720351556429,92,11.956854611221814,92,43.0,92,0.0022922381923930618,92,4.3541073630336893,188
2014,8,18,71.682608695652178,133,8.0336865281728791,133,43.0,133,0.0027364663890541343,133,4.3399651006424147,242
2014,8,19,68.955852432558402,142,8.6465186964690108,142,41.5,142,0.0025610776515982581,142,4.3165653702947768,237
2014,8,20,70.137204850031907,157,8.0911016504181461,157,41.0,157,0.0023178860878878462,157,4.3955891967428009,302
2014,8,21,60.823703703703707,111,8.7415427909887331,111,40.0,111,0.00175054704595186,111,4.3992521536520321,208
2014,8,22,67.854933524248935,108,10.209020580672377,108,34.5,108,0.002124035378970969,108,4.4329718692952973,198
2014,8,23,63.666134722825618,70,12.827924919358656,70,39.0,70,0.00158355244005432,70,4.4348569779964988,147
2014,9,0,95.589954367342685,32,7.2062332512073368,32,42.0,32,0.0036040849987218062,32,2.8394805744554619,68
2014,9,1,73.307793923381766,27,4.3471254646564121,27,41.0,27,0.0031652247309558977,27,3.914980944977652,57
2014,9,2,63.357103547061705,32,10.57102846435912,32,39.0,32,0.0017766549578221843,32,4.6482289448603105,65
2014,9,3,53.175478065241848,17,9.4498709494872859,17,40.0,17,0.0026921194322075378,17,4.3975812836250308,37
2014,9,4,72.675789473684205,25,5.9444011760062727,25,42.0,25,0.0026044797050927596,25,2.5341543522811483,34
2014,9,5,77.788071065989854,39,12.597163166952743,39,44.0,39,0.0021299254526091589,39,4.0809499493713304,67
2014,9,6,78.788037191521994,54,9.0554484677272526,54,59.5,54,0.0023295463645245035,54,2.258168783903419,95
2014,9,7,87.075268817204304,85,10.457684122095472,85,56.0,85,0.0019129782445611403,85,2.1551720689840392,148
2014,9,8,76.236971724891816,96,13.312573920187061,96,47.0,96,0.0017847992842724533,96,3.118667386731603,153
2014,9,9,72.754086139771999,74,12.76888859346111,74,45.5,74,0.0018362380955152142,74,3.4263398167444956,142
2014,9,10,82.855742416786129,102,12.254183033633415,102,44.0,102,0.0018709534336110866,102,3.2285490700162542,182
2014,9,11,85.04197530864198,93,10.199190763887476,93,45.0,93,0.0019673974142776843,93,4.12604537178124,169
2014,9,12,76.53999665145912,100,11.435946008020009,100,47.0,100,0.0017072866277504529,100,2.7751234452010642,188
2014,9,13,67.871972581873564,102,11.766663319522587,102,44.0,102,0.0025297836721828101,102,3.9748820024116398,158
2014,9,14,66.18957300670462,112,9.1267252490056734,112,43.0,112,0.0024183133939231502,112,4.5493457721279107,178
2014,9,15,64.303703703703704,93,10.991798158314081,93,41.0,93,0.0032967032967032967,93,4.5733070391524846,155
2014,9,16,55.143410852713181,49,13.066781418477513,49,41.0,49,0.0016719182046170664,49,4.5524829039668351,97
2014,9,17,65.487338751826726,104,12.440241754960358,104,43.5,104,0.0021206282664200213,104,4.6514579155031832,180
2014,9,18,66.772430617040726,122,12.638691393650323,122,42.0,122,0.0019461486951814727,122,4.5087999130962189,205
2014,9,19,77.245436595640427,110,7.8623862652055907,110,44.0,110,0.0025294617422160028,110,4.1202286280803886,187
2014,9,20,81.83304998397216,106,9.3324083615528917,106,42.5,106,0.0020311483006940937,106,4.3945527632438308,191
2014,9,21,74.881918819188186,129,7.3878548975577161,129,43.0,129,0.0043191634462377811,129,4.3610280941111572,210
2014,9,22,64.954545454545453,73,10.140838458416052,73,39.0,73,0.0017031990521327014,73,4.2333649018721529,141
2014,9,23,66.573147523821348,62,5.2190589658515112,62,39.5,62,0.0024219592175633627,62,4.3548309880957321,117
2014,10,0,77.313325558969296,42,7.7214771827493625,42,40.0,42,0.0021842203209140997,42,1.4086628117818063,70
2014,10,1,78.434259954921117,47,6.27597683707722,47,46.0,47,0.0044198895027624313,47,1.4119555319942869,77
2014,10,2,75.96110414052697,25,12.929269051285456,25,52.0,25,0.0015936254980079682,25,1.4066967114798494,54
2014,10,3,77.262652961331383,18,13.266639825695616,18,65.0,18,0.0016971806764267837,18,0.95846998318857202,33
2014,10,4,76.227272727272734,23,19.04072823904534,23,65.0,23,0.0022358026531524816,23,1.4073898695225528,46
2014,10,5,80.466299207762688,26,22.18641805561429,26,65.5,26,0.0011338489912375393,26,1.3141987030343318,50
2014,10,6,88.744798041615667,63,16.364358942692313,63,70.0,63,0.0017587055926837848,63,1.2009777118132461,103
2014,10,7,84.526605504587152,79,12.468134098636884,79,70.0,79,0.0019480519480519481,79,1.2246200274220258,147
2014,10,8,79.877594577763261,94,14.125827756815074,94,66.0,94,0.0021026219829423354,94,1.3371295660600473,171
2014,10,9,79.454403741231488,87,13.984962344992239,87,68.0,87,0.0014352818371607516,87,1.2713576078844866,137
2014,10,10,80.47474648614849,98,13.033604229516616,98,66.0,98,0.0019916969470701691,98,1.3299632540937985,165
2014,10,11,80.741083223249674,93,11.150919980638468,93,66.0,93,0.0023746333286771898,93,1.4086778767661896,165
2014,10,12,80.585260434703869,112,11.488711362254413,112,65.0,112,0.001632020985617397,112,1.3756768705065268,190
2014,10,13,77.442979978660645,84,13.893051623229006,84,60.0,84,0.0022877289266548546,84,1.5010590137751665,136
2014,10,14,77.369129376192973,54,15.167137371362251,54,64.0,54,0.0017965292526613474,54,1.3979249162713563,94
2014,10,15,62.942621527777781,50,21.328784350823661,50,32.5,50,0.0012881870966407983,50,3.3802515503660273,82
2014,10,16,75.283610755441742,33,15.616562348436677,33,39.0,33,0.0013587615858688794,33,1.9843331548703218,68
2014,10,17,78.612053260298097,44,13.199430963200552,44,57.5,44,0.0018066393288724825,44,1.4117598641905449,75
2014,10,18,80.835368803300511,56,10.169415901162679,56,51.0,56,0.0016846374652338698,56,2.0227237000866167,87
2014,10,19,74.214837712519326,51,11.273677242539232,51,39.0,51,0.0022174242866312656,51,3.0412289055048216,108
2014,10,20,79.060798140854189,66,8.2376616128849065,66,47.5,66,0.0018652198923011739,66,2.2668927965181789,107
2014,10,21,79.706752233877239,66,8.7632273509915564,66,37.0,66,0.00395771358965895,66,2.6154903538745611,111
2014,10,22,77.094041657788196,52,6.6102801890956098,52,34.0,52,0.0019714034129780841,52,1.5467128922847384,99
2014,10,23,85.781576845021704,46,5.9943483228352488,46,32.5,46,0.0052182679884055132,46,1.4092923689719181,90
2014,11,0,89.076773329108732,24,4.7697703512661072,24,28.5,24,0.006618977584128603,24,1.9693833687949063,53
2014,11,1,82.791291134890358,16,3.9137935239246588,16,26.5,16,0.0037797429346302655,16,1.5251911484457106,34
2014,11,2,84.925465838509311,15,6.1376943078689319,15,23.0,15,0.0034298780487804878,15,1.6655022068564389,33
2014,11,3,93.831725616291536,15,7.3538092910143025,15,32.0,15,0.0056670790597437839,15,1.777518509914064,30
2014,11,4,98.213393870601593,15,5.4730367345320303,15,70.0,15,0.0033311667208319792,15,1.068869310522746,27
2014,11,5,86.649112063686474,25,10.824795391271854,25,48.0,25,0.0025036511579386604,25,2.4054232606073036,42
2014,11,6,97.83720930232559,52,10.320704956692573,52,74.5,52,0.0021576326144854066,52,1.2229840768737503,84
2014,11,7,92.873873873873876,61,11.333339838955817,61,72.0,61,0.0023171135385633896,61,1.0843949994813578,118
2014,11,8,87.627905774627095,78,12.550054166460137,78,69.5,78,0.0021491354761282409,78,1.6746884364900334,131
2014,11,9,88.137419354838713,81,12.755772977444124,81,69.0,81,0.0020287716709701219,81,1.2642775494318625,136
2014,11,10,94.421857923497271,75,11.145241878380713,75,71.0,75,0.0021088957055214724,75,1.1790335449923237,136
2014,11,11,85.602580440620642,80,8.5110405500231039,80,60.0,80,0.0020980423873081175,80,1.7491174725639793,149
2014,11,12,82.304860088365245,95,11.372267458340986,95,57.0,95,0.001426068532779204,95,1.3950243693812361,142
2014,11,13,81.32044171617072,60,12.987856619422434,60,46.5,60,0.0025487024659779519,60,2.0591986644975009,108
2014,11,14,78.318997911557744,62,9.4895550592359932,62,47.5,62,0.0017032546168861545,62,2.8255139438790584,86
2014,11,15,68.773120347139383,40,8.0756659670308899,40,39.0,40,0.0025212494957070628,40,2.6928805365883135,57
2014,11,16,66.272161505768068,55,12.643417261080192,55,42.0,55,0.0030278232405891981,55,2.8158585757648904,89
2014,11,17,74.890841353655759,34,10.923097664815065,34,43.5,34,0.0027238950572199428,34,4.2540204280398939,54
2014,11,18,71.790765604787026,56,7.7288738801997603,56,40.5,56,0.0020277453589976043,56,3.1004821736723933,104
2014,11,19,76.528127492761911,62,8.8375682731538312,62,36.5,62,0.0023062156958726355,62,2.8101963402478756,110
2014,11,20,65.423257012758285,49,7.2885144719231976,49,39.0,49,0.003134796238244514,49,3.7805691595427398,84
2014,11,21,65.190600522193208,35,7.9056965181161072,35,31.0,35,0.0029454777647325383,35,4.2321488967481908,66
2014,11,22,99.920972644376903,61,6.6800604524162219,61,43.0,61,0.003003003003003003,61,1.788626923160568,107
2014,11,23,69.094654788418708,35,11.048423459379228,35,29.0,35,0.0026820303963444917,35,2.3503243874887114,62
2014,12,0,58.424396442185511,23,15.350184116033539,23,28.0,23,0.0014778412834072253,23,3.0526276238196903,46
2014,12,1,38.682872928176799,17,13.088360052708314,17,21.0,17,0.0023622047244094488,17,4.174220836406259,34
2014,12,2,71.322580645161295,11,3.2089085005897449,11,27.0,11,0.008771929824561403,11,4.7828982010858221,21
2014,12,3,99.139326193892202,26,10.436162804841775,26,87.5,26,0.0030591889555828086,26,1.5811253403753276,43
2014,12,4,68.486226497595098,19,10.941380990313501,19,43.0,19,0.0030919866013913938,19,2.2870228747580201,28
2014,12,5,82.666312433581297,23,13.492854879540445,23,41.0,23,0.0024367385192127461,23,2.4284375207627167,55
2014,12,6,94.505319148936167,54,5.3524826888118415,54,74.5,54,0.0033684933715870482,54,1.1972563818866093,83
2014,12,7,89.958187139305934,76,12.829464837976737,76,74.0,76,0.0024307161934717988,76,1.3473742871365055,121
2014,12,8,91.031150159744413,117,10.49214293347325,117,71.0,117,0.0021959923140269007,117,1.5646491091310284,197
2014,12,9,77.41628959276018,91,12.41262063858591,91,67.0,91,0.0016116901257118299,91,1.3858563910482966,151
2014,12,10,83.916624037220885,94,13.870184737718748,94,61.0,94,0.0024337433345921504,94,1.9642009367343807,142
2014,12,11,86.875144405936197,95,14.176531314756742,95,59.0,95,0.0018106570098292809,95,1.8647904703770024,150
2014,12,12,86.005825242718444,95,13.267502583542351,95,66.0,95,0.0013416815742397137,95,1.4257374047462217,145
2014,12,13,67.077922077922082,73,12.972896911405794,73,49.0,73,0.0018260671079662178,73,1.7363067068665123,124
2014,12,14,88.019418230802984,74,12.197969612108851,74,46.5,74,0.0026944948578342407,74,1.7320947058796985,109
2014,12,15,61.093260188087775,51,12.836130929379943,51,40.0,51,0.0025589563472152533,51,2.9897104952831235,74
2014,12,16,58.537095228573754,48,9.7124324663511317,48,34.5,48,0.0025960260417199378,48,2.4072385417271156,79
2014,12,17,84.333585543676762,42,10.415960603969701,42,45.5,42,0.0050049284218458842,42,1.504247815085799,85
2014,12,18,71.217279974348486,46,9.4170591171550129,46,37.5,46,0.0019691169118606312,46,2.4180436793108475,79
2014,12,19,91.432097175087705,48,9.7903956803398557,48,38.5,48,0.0021102075880400908,48,1.8412767964633967,88
2014,12,20,61.763596809282092,43,9.4142654739722076,43,41.0,43,0.0023145818657542517,43,4.5486751879247773,74
2014,12,21,84.132890365448503,49,8.9780045988219417,49,34.0,49,0.0036905147296859824,49,3.1645106198068369,90
2014,12,22,74.303621836986864,36,5.2516768481043066,36,29.5,36,0.0019731881423794783,36,1.6251064557809618,71
2014,12,23,75.055418719211829,33,5.8284072046087507,33,32.0,33,0.0033188664794485574,33,3.0876802395503384,64
